telco,review_text,rating,review_date,source
CelcomDigi,Before they got married the celcom app was so convenient. Now worstt ever,1,2026-09-25,App Store
CelcomDigi,"line slow mcm babi 
da bayar mhl ii pn still slow harey pnye celcom😹",1,2026-09-25,App Store
CelcomDigi,macam shibau,1,2026-09-25,App Store
CelcomDigi,mau beli data di onetime pass hrga RM7 tpi ndk bole pdhal ad RM11 jgk..pelik jgk celcomdigi nih,1,2026-09-25,App Store
CelcomDigi,Macam babi,1,2026-09-25,App Store
CelcomDigi,Line tak sampai 1bulan dah slow apa masalah ni?!??…,1,2026-09-25,App Store
CelcomDigi,celcom + digi   makin teruk lah,1,2026-09-25,App Store
CelcomDigi,"Perlu tukar kepada telco lain sebab internet terlalu slow. Subscibe unlimited monthly, tapi pertengahan bulan dah lembap macam siput padahal just guna untuk whatsapp je. Maki teruk. Harap improve.",1,2026-09-24,App Store
CelcomDigi,"The CelcomDigi app has become the one place I go to manage my mobile line. The home screen shows options to view my remaining data, calls and validity as soon as I open it, so I don't have to dial USSD codes or guess how much quota is left. The usage breakdown is clear and easy to read.
 
Buying add-ons is quick. When I need more data, I pick an internet pass, confirm, and it's active within seconds. Before travelling I bought a roaming pass for my destination in the app, and it saved me from bill shock overseas. Checking and paying my bill is also simple: I can see my bill details, download past statements, and set up auto billing so I never miss a due date.
 
I also like the lifestyle passes. Being able to subscribe to streaming bundles directly from the app, and to manage data sharing with my family lines, makes it feel like more than a telco app. The rewards and vouchers section is a nice bonus, and there's usually a deal worth checking.
 
Security feels solid. Biometric login makes getting in fast, and device binding gives me confidence that my account is protected. When I registered a new SIM, the eKYC process with the ID scan and face verification was smooth, and I didn't have to visit a store.
 
The app keeps improving with every update. Overall it's convenient, reliable and well designed. Highly recommended for any CelcomDigi customer.",5,2026-09-24,App Store
CelcomDigi,"The most difficult apps to login, it takes you almost an hour trying to get into this apps. 
The slowest loading apps ever, it’s difficult to use it to pay bills and you need to waste your time like 20-30mins to pay a bill.",1,2026-09-24,App Store
CelcomDigi,Buat apps guna sesiku L ke. Lembab,2,2026-09-24,App Store
CelcomDigi,line macam pantat slow nak mampos,1,2026-09-24,App Store
CelcomDigi,Very bad app from previous every time need to updated,1,2026-09-24,App Store
CelcomDigi,"Saya pengguna lama digi .sebelum celcom digi berkhawin masih okey app bukak laju ,internet laju dan dapat guna lama interne tapi sekarang semua slow lembab .nk bukak app dia pun lama kena tunggu,internet cepat habis .saya harap celcomdigi bulih perbaiki masalah .",2,2026-09-24,App Store
CelcomDigi,"Slow apps, Slow internet!",4,2026-09-24,App Store
CelcomDigi,doesnt support old ios version,1,2026-09-24,App Store
CelcomDigi,"I manage a few lines for my family, and this app makes life so much easier. Having our postpaid, prepaid, and home fibre accounts under one main account saves a lot of time. The layout is clean and simple, making it easy to find what you need. Checking data usage, viewing payment history, and settling monthly bills only takes a few seconds. I especially love the roaming feature where you can pre-book your pass before traveling. Auto-reload is also super convenient for keeping family lines topped up. Logging in with Face ID is fast and safe. Plus, the daily check-in rewards and Wednesday surprise drops are a fun extra for claiming quick vouchers. It’s practical, straightforward, and works great for all our everyday mobile needs!",5,2026-09-23,App Store
CelcomDigi,"rangkaian internet paling teruk, semoga cepat2 lingkup",1,2026-09-23,App Store
CelcomDigi,"ckup2 laa merugikan pengguna,banyak urusan yang perlu diselesaikan atas talian.mcm sial line bodo",1,2026-09-23,App Store
CelcomDigi,"I use the CelcomDigi app quite regularly and it has been really convenient for managing my lines in one place.
 
The main thing I appreciate is how easy it is to check my bills, outstanding balance and usage. I have a primary line together with supplementary lines, so having everything organised clearly in the same app makes it much easier for me to keep track of each line without having to go elsewhere.
 
I also find myself exploring the app beyond just checking my account. There are quite a lot of things available within it, including other CelcomDigi products, services and current offers.
As an Apple user, I personally enjoy browsing the Tech section as well. It is useful when I want to check out new devices or see what deals are currently available, especially around new Apple launches. It saves me from having to search around separately just to see the latest device offers.
 
If there is one thing I would improve, it would probably be the loading speed. Sometimes the app takes a little longer than I would like to load, although it is still manageable and hasn’t stopped me from using it.
 
I would also love to see more rewards or little freebies for people who regularly open and use the app. Something like that would definitely give me more reason to check in more often.
 
Overall, it has become a useful app for me because I can manage my lines, check my account and explore other offers all in one place.",5,2026-09-22,App Store
CelcomDigi,"Been using the CelcomDigi app for a few months already, and honestly, it makes managing my mobile account so much easier lah. The interface is clean now and quite intuitive, so I don't really get lost trying to find things. Checking data usage, topping up, or changing plans, just a few taps only, and everything loads fast, no lag one.

What I like most is how personalized the app feels. My dashboard shows offers based on how I actually use my line, not just random promos. The rewards also quite good, I've redeemed a few vouchers that actually felt worth it, not just ""buy 10 get discount 1 cent"" type thing.

Since I'm the kind who loves watching all sorts of movies and shows across different platforms, the entertainment add-on section is really the highlight for me. I keep switching between streaming services depending on my mood, so having everything in one app really saves me the hassle. 

Subscribing also very simple — just browse, pick what I want, activate almost instantly, no need jump to another app pulak. And the best part is how easy to cancel or switch. I'm not the type to keep paying for something I'm not watching anymore, so I just pause or cancel in a few taps whenever I feel like taking a break. No need go through long process, and I can see all my active subscriptions in one list, so I always know what I'm paying for, don't get ""shock"" bill at the end of the month.

Navigation also straightforward, billing, usage, rewards all easy to find. Auto-renewal and reminders also on point, never caught off guard.
Overall, CelcomDigi app really has become my go-to for managing both my telco and streaming needs. Reliable, convenient, and honestly quite satisfying to use. Recommended lah!",5,2026-09-22,App Store
CelcomDigi,"The app makes it easy to manage my account in one place. Appreciate the convenience to pay bills, manage supplementary lines and subscriptions without needing to contact customer service.  

It allows me to make payment quickly and track my account status anytime. I can view and manage all lines registered under my ID after performed verification. 

The app generally fast and reliable and making account management more efficient. Highly recommended!",4,2026-09-22,App Store
CelcomDigi,I,5,2026-09-22,App Store
CelcomDigi,"The CelcomDigi app has made managing my mobile account so much easier and more convenient. I really appreciate how everything I need is available in one place, from checking my data usage and viewing my bills to making payments and exploring the latest deals and offers.
The interface is clean, modern and easy to navigate, making it simple to find what I need without having to go through multiple steps. I particularly like how I can keep track of my remaining data and manage my plan anytime, anywhere. The bill payment process is also straightforward, saving me the hassle of having to visit a physical store.
Another feature I enjoy is the personalised offers and rewards available through the app. It's always nice to discover exclusive deals and promotions that add extra value to my mobile plan.
Overall, the app provides a smooth and convenient digital experience that makes managing my mobile services feel effortless. It's great to see CelcomDigi continuously improving its digital services and bringing more features together in one platform.
Definitely a must-have for CelcomDigi users who want an easy, accessible and hassle-free way to stay connected and manage their accounts!",5,2026-09-22,App Store
CelcomDigi,"I’ve been using the CelcomDigi app as a postpaid customer and I’m really happy with the experience so far. It’s genuinely convenient having everything related to my account in one place.

I mainly use the app to check my bill, keep track of my usage and make payments. I also like that I can quickly see my account information and manage my services without having to contact customer service or go through complicated steps.

What I like most is how straightforward the app feels. The layout is clean, the information is easy to understand, and I can usually get whatever I need done within a few taps. It’s especially useful when I’m travelling and want to check my roaming or account details quickly.

I’ve been a CelcomDigi postpaid user for some time, and having an app that makes the day-to-day management of my account this simple is definitely a plus. It feels much more convenient compared with having to manage everything through other channels.

Overall, I’m very pleased with the CelcomDigi app. It’s simple, convenient and makes managing my postpaid account feel effortless. Definitely an app I use regularly and would recommend to other CelcomDigi postpaid users.",5,2026-09-22,App Store
CelcomDigi,"This is one of the worst app ever . Can’t do kyc , app keep says error. And after the first time , it can’t do kyc anymore. I also can’t view my roaming plan under mega add on . Complaint 4 times to the support , and the support is hopeless . Worst app and worst customer support !",1,2026-09-22,App Store
CelcomDigi,I want to unsubscribe my internet add-ons but couldn’t because the unsubscribe toggle button keeps on failing.,1,2026-09-22,App Store
CelcomDigi,"Apps paling celaka pernah aku guna. Dahlah lambat, nak buka loading, nak perika baki loading lagi.",1,2026-09-22,App Store
CelcomDigi,"Pls bring back access for web base. Yr apps full of bugs, loading slow always crash /under maintenance. Unreliable!",1,2026-09-22,App Store
CelcomDigi,why ios 15 can’t open this app? how are we supposed to use it then?,1,2026-09-22,App Store
CelcomDigi,iPhone se can’t open the apps to buy plan ?? Need update to iOS 16 more katanya,1,2026-09-22,App Store
CelcomDigi,Lembab,1,2026-09-21,App Store
CelcomDigi,apps macam sampah. topup rm30 pastu bukak apps available balance rm29. subscribed UNLIMITED PLANS FOR INTERNET AND CALLS tapi balance kurang. FIX YOUR APPS,2,2026-09-21,App Store
CelcomDigi,"Honestly, the app has improved a lot compared to before. Last time, using it could be quite frustrating with all the bugs and issues. Sometimes you just want to do one simple thing, but end up going round and round. 😂

The latest update feels much more straightforward and easy to use. The new UI/UX is cleaner, more friendly and easier to navigate. Now you can pretty much find what you need without having to “hunt” for it.

I also like that more rewards are coming in. Hopefully there will be more interesting and personalised rewards soon — this is definitely one area that can make people come back to the app more often.

Security-wise, still feels solid. With all the personal details, account information and payments involved, this is something I think a telco app must get right. Good to see security is still being taken seriously.

The AI assistant is also a nice addition. Quite useful to have something that can help answer questions or point you in the right direction, especially when you’re not sure where to find something.

Overall, I wouldn’t say the app is perfect yet — still got room to improve lah. But compared to the old experience, this is a big improvement. Much more direct, cleaner and less troublesome to use.

Hopefully the team keeps the momentum going and continues fixing the small issues while bringing in more useful features and rewards. So far, quite a good comeback. 👍",5,2026-09-21,App Store
CelcomDigi,VERY SLOW,1,2026-09-21,App Store
CelcomDigi,"lancau la , lepas update xleh buka app pula , dahla line sloww skrg celcom , panas aku",1,2026-09-21,App Store
CelcomDigi,i called customer servise so where is the survey? i should be able to rate the call and management should take responsible and take action on the agent,1,2026-09-21,App Store
CelcomDigi,very bad,1,2026-09-21,App Store
CelcomDigi,缺少中文版本的。希望会有中文的。,1,2026-09-21,App Store
CelcomDigi,"I’ve been using the CelcomDigi app for a while now and overall, it’s been a really convenient way to manage my account. The app is simple to use and most of the important things I need are easy to find.
I can quickly check my data usage, view my bill, make payments and manage my account without having to go through too many steps. I also like that I can browse available add-ons, roaming passes and current offers directly in the app, which makes things a lot easier when I need something quickly.
The layout feels clean and straightforward, and I don’t feel overwhelmed when navigating between different sections. It’s especially useful for keeping track of my usage and account details without needing to visit a store or search through the website.
What I appreciate most is the convenience. Everything I usually need from CelcomDigi is available in one place, and the app makes everyday account management much easier.
Overall, I’ve had a good experience with the CelcomDigi app. It’s practical, easy to navigate and saves me time whenever I need to check or manage something on my account. Definitely a useful app for CelcomDigi customers.",5,2026-09-21,App Store
CelcomDigi,cuba laa buat line tu ikhlas sikit jgn lag sangat,1,2026-09-21,App Store
CelcomDigi,Overprice,1,2026-09-20,App Store
CelcomDigi,Nak aktif sim susah suruh imbas bagai. Lepas imbas tak boleh scan identiti user. Menghampakan……,5,2026-09-20,App Store
CelcomDigi,"banyak kali dah guna, tulis kat situ kad kredit auto save, tapi sampai skrg kena masuk manual untuk pay, aku x nak guna autodebit",1,2026-09-20,App Store
CelcomDigi,"Semua yang ada dalam company celcom digi ni LEMBAB, dari line bawa ke employee semua LEMBAB, no further action taken, everytime they reply maintenance, maintenance sampai linkup ke celcom?",1,2026-09-20,App Store
CelcomDigi,"Line sdh slow mcm apa saja, apps pun slow mcm bodo, Apa la guna tu? mw rm35 ka, 45 ka 55 ka, pndai dtg kik jdi E la kdg” nmpk 5G benda simple wssp pun bole reconnecting, tiktok bole loading apala fungsi bgtu tu? trus appsny utk apa la konon bgtu? berfungsi lgi trus cek dri call, ni apps reload sdh 1-2 hari bru nmpk balance yy reload tu bru boleh buat subcription. klw blg delay tda ap ni reload every 30hb end up habis 28hb klw laju stable maybe aku tk kesah sgt ni apa hanat sampai pandai hilang” signal?, why and where the other 2 days? doesn’t make any sense, sengaja delay 2 days til 30hb to make genap 30hb but still 28? hilarious. Aku tda minta byk la, 2 days or slow still Acceptable, Masih boleh tolerance tpi sampai boleh hilang line kdg” sampai puluh minit its so frustrating. klw bole rate 0.1/10 star lama sdh aku rate anj, HILANG TERUS LINE TU BODOH",1,2026-09-20,App Store
CelcomDigi,"Bila dowload kena update la apa la
Sedangkan br download balik hmm worst app",1,2026-09-20,App Store
CelcomDigi,internet mahal line macam sampah,1,2026-09-20,App Store
CelcomDigi,Kenapa setiap kali nak masuk apps kena request OTP? Dan kena ulang semua proses. Sepatutnya apps memudahkan tapi apps ini palinh menyusahkan. Bagus lagi apps celcomL Life sebelum ni. Aku nak bagi 0 rate. Kalau boleh jangan develope lagi apps ini. Termat-amat menyusahkan,1,2026-09-19,App Store
CelcomDigi,ssah betulla nk active simcard mcm “ bnda kena buatt dh buat smuaa tekan NEXT jd stuck mcmtu bila aku bleh aktif nii ?? tolonglah dh buat digital id bagai stuck kt lain pulak bingailaa,1,2026-09-19,App Store
CelcomDigi,"Very bad everything load slow, easily stuck, lack logic, who develop this app?",1,2026-09-19,App Store
CelcomDigi,"I regret changing to Celcom from Maxis. This is the worst app ever seen and experienced in my life. The Internet kept breaking, going up and down. The app itself proven that it’s a really poor Internet application, it takes life to load when I pressed into it. My phone has been burning hot since i used this Internet. The GB dropped very rapidly sometimes. And it never notices users when it needed upgradings",1,2026-09-19,App Store
CelcomDigi,I tried to login with my otp but still can’t login.,1,2026-09-18,App Store
CelcomDigi,Always took my money for no reason,1,2026-09-18,App Store
CelcomDigi,Apa barang,1,2026-09-18,App Store
CelcomDigi,Lagi lama lagi terok line digi niii…semenjak kawin jadi lagi hampehh,1,2026-09-18,App Store
CelcomDigi,line macam barua lembab aku pakai bil pun cam internet basic kau ni makan duit haram ke apa kau ingt aku bayar pakai taik ke lancau,1,2026-09-18,App Store
CelcomDigi,digi only,1,2026-09-18,App Store
CelcomDigi,Very bad network i hope don’t want to use digi anymore,1,2026-09-18,App Store
CelcomDigi,"Honestly, this has to be the worst apps ive ever had the misfortune of using, and this coming from a major telco in malaysia. What a shame! 
Plzz, for the love of everything, give us the option to login to our account via website instead of forcing us to depend on this lousy app! 

And plz hire someone from your review section. They seem to understand whats wrong with this app better than the people who actually built it.",2,2026-09-18,App Store
CelcomDigi,line digi mcm celaka beli bulan'tetap tak kuat line cibai,1,2026-09-18,App Store
CelcomDigi,beli internet mahal mahal line macam sampah menyusah kan orang makan duit orang sampah lepas collab dengan digi bodo dua dua,1,2026-09-18,App Store
CelcomDigi,dah bayar 88bulanan pun still slow,1,2026-09-18,App Store
CelcomDigi,"I switched to using the CD App as my main way of managing my line about six months ago when they closed the old app, and it's honestly made things a lot better. The interface is so much more beautiful and modern, and it is a happier experience overall. The app also allows SSO login which is so much easier for me - so i dont have to remember one more password. On top of that they have face verification as well.
 
I use it mostly for topping up my mom's prepaid line and checking my own postpaid usage. It really is great that i can manage the multiple numbers in one place. One thing that stood out recently was how much faster it loads compared to a year ago — I remember it used to hang on the home screen sometimes, and that's basically gone now. Bill payment goes through in a couple of seconds and I get a confirmation right away instead of wondering if it went through.
 
It's not flashy, it just does what I need without friction, which honestly is all I want from a telco app. I'd recommend it if you're still doing everything through the website — it's a much smoother experience day to day.",5,2026-09-18,App Store
CelcomDigi,App slow nak mampus dah topup pun lambat masuk bruh,1,2026-09-17,App Store
CelcomDigi,Aku tak faham betul laa celcom ni..dah laa sebuk nk gabung2 dengan digi..pastu niey sebuk nk update ikut ios laa apa benda laa..menyusahkan betul !baik terbakar jee laa celcom digi niey..semak btol,1,2026-09-17,App Store
CelcomDigi,digi dh miskin pas internet aku pun kau batal kan bodohhh nya line digi menyusahkan orang aku tukar line lagi bagus sampah,1,2026-09-17,App Store
CelcomDigi,"Im using iPhone 7, just for basic necessities, but it could not work. Poor people wont change phone",1,2026-09-17,App Store
CelcomDigi,Line paling Babi telan topap pastu Lembap mcm sial,1,2026-09-16,App Store
CelcomDigi,"System makin mengarut… Buat pinjaman rm3  dapat rm2 lebih je, lepas tu kena bayar 3.60 dah macam system ahlong dah….lepastu nak download app ni semua kena phone baru.. phone lama dah tak boleh.",1,2026-09-16,App Store
CelcomDigi,beli internet mahal ii tapi still slow,1,2026-09-16,App Store
CelcomDigi,So many trouble happen. When buy internet the payment failed even the balance more than price of internet.,1,2026-09-15,App Store
CelcomDigi,Lembab nk mampos,1,2026-09-15,App Store
CelcomDigi,Cannot login,1,2026-09-14,App Store
CelcomDigi,they ask to update but system cannot update...the hell,1,2026-09-14,App Store
CelcomDigi,"If you are forcing your user to migrate onto a new app, make sure it deliver the same function as well la. The app is so slow and not user friendly. Your line already slow la takkan apps pon slow??

update after 3 months installed. Still the worst app ever. and the package offered pon teruk gila bila nak break dengan digi? Just move seperately laaa youd be fine without digi. Im so close to leave celcom so improve ur internet and apps",1,2026-09-14,App Store
CelcomDigi,"Line 4g dan 5g selalu sangat teruk kalau buat masalah langsung tiada data, kerap sangat berlaku line tiba tiba hilang, kalau berterusan lagi macam nie, good bye digi.",1,2026-09-14,App Store
CelcomDigi,Taking too long to load. And makes it a hassle tu pay my bills. Need to use other methods to pay my bills,1,2026-09-14,App Store
CelcomDigi,Pl help unable to upgrade for latest vision,5,2026-09-14,App Store
CelcomDigi,Internet musibat,1,2026-09-14,App Store
CelcomDigi,Bangang digi ni nak bayar postpaid pun slow mcm bengappp pulakk hmm,1,2026-09-13,App Store
CelcomDigi,kepada telco celcom babi anak anjing tlg buat improvement lagi seminggu nak habis line dah mcm lancau bapak kau anjing,1,2026-09-13,App Store
CelcomDigi,"客服需要通过whatapp 并且 我们问的答案需要等待他们有时需要超过10分钟才会有答案，并且要求我们在3分钟内直接回答客服人员，真的很不人性化 

我这里建议把时间调换客服必须要在3分钟内回答我们的问题，并且要等待我们10分钟以后才能够结束我们对话",1,2026-09-13,App Store
CelcomDigi,Apps paling berat nak load. Padahal bukan apps game pun. X user friendly langsung,1,2026-09-12,App Store
CelcomDigi,Digi bdo line slow tiada otak,1,2026-09-12,App Store
CelcomDigi,app paling bodoh,1,2026-09-11,App Store
CelcomDigi,"App macam puk1 m4k . Berapa banyak kali nak buat ekyc ni s1 4L . Semua failed , tak matched with face card . Lan j10ooooo",1,2026-09-11,App Store
CelcomDigi,The signal suddenly drops without any notice. The same thing has happened 10 times in a single month. The absolute worst telco.,1,2026-09-11,App Store
CelcomDigi,"For iphone 11, after latest update the apps keep crashing. So how am i supposed to subscribe internet or topup prepaid? Bubar jela celcom digi ni. Buat malu je app sampah glitch tak habis.",1,2026-09-11,App Store
CelcomDigi,"Login twice keep push me out. What’s wrong? Pop up secure my account then auto log out 
Trying log in twice lousy system",1,2026-09-11,App Store
CelcomDigi,Digi why u punya line slow sangat ha?,1,2026-09-11,App Store
CelcomDigi,"BAD experience

Assalamualaikum,

Saya telah membeli pelan internet bulanan, tetapi sebelum sampai 20 hari penggunaan, internet sudah tidak boleh digunakan atau menjadi terlalu perlahan.

Saya membayar untuk penggunaan sebulan penuh, namun perkhidmatan yang diterima tidak seperti yang dijanjikan. Mohon pihak tuan menyemak akaun saya dan memberikan penjelasan serta penyelesaian secepat mungkin.

Terima kasih.
Company Bodu Gilaa Anggin Kambing🥴",1,2026-09-11,App Store
CelcomDigi,"a big company but the app is unfriendly to the customer 
The button inside the app is not even responding",1,2026-09-10,App Store
CelcomDigi,"Apps paling buduh setakat ni. Sudah isi reload 5mins yg lalu, dalam apps tiada lgi masuk reload. Padam la apps kamu ni. Tiada guna. Tiada hati sy mau guna ni digi ni kalau bkn sebab nombor telefon. Pui, sejak gabung sama celcom, makin teruk. Terpaling teruk antara semua service",1,2026-09-10,App Store
CelcomDigi,go find somebody else to improve your apps,2,2026-09-10,App Store
CelcomDigi,line cm anjay,1,2026-09-09,App Store
CelcomDigi,Cant be changing phone just to use ur app lah. Dumb Artificial idiots @ AI.,1,2026-09-09,App Store
CelcomDigi,"u requires update EVERY time i open it to check or reload. how u expect me to update when i dont have line anymore (and ur line sucks). and now i wanna check my internet, u told me to update AGAIN, but i cant update it cuz its for freaking ios 16 or whatever. u piss me off so bad",1,2026-09-09,App Store
CelcomDigi,"the most hardest app to use,when i want to check my plan and some other button it keep repeating ""try again"" and the internet on my modem when using celcom digi simcard cannot be use,urghh its so frustrating",1,2026-09-09,App Store
CelcomDigi,apss bodoh banyak bug,1,2026-09-08,App Store
CelcomDigi,Line bad,1,2026-09-08,App Store
CelcomDigi,better digi not collab with celcom because this app so bad,1,2026-09-08,App Store
CelcomDigi,byr mahal ii sbulan main game lag nak mampus,1,2026-09-08,App Store
CelcomDigi,"App is so slow especially when I try open the app it takes too long. How can such a big name celcom digi make this terrible, poor, horrible, awful dreadful, bad, and unsatisfactory app like this",1,2026-09-08,App Store
CelcomDigi,App sangat lembab dan not user friendly. App paling bo doh dalam dunia!,1,2026-09-08,App Store
CelcomDigi,im so tired and sick how you need to update the damn app everytime???! i have ip 6s and i dont have ios 16. does this app really needs an update? every update is the same stuff and it’s still my slowest app. i can’t even access the app anymore because i don’t have the suitable ios anymore.,1,2026-09-07,App Store
CelcomDigi,"Really appreciate the CelcomDigi team for listening to customers and taking our feedback about the laggy issues seriously. The app has become much smoother and more convenient to use, which makes a big difference to the overall experience.

Thank you for your effort, responsiveness, and professionalism. It’s great to see a team that listens to its customers and continues working to improve the service. Please keep up the good work and maintain this level of professionalism and commitment. Well done, CelcomDigi team! 👏",5,2026-09-07,App Store
CelcomDigi,Internet down?super slow internet speed,1,2026-09-07,App Store
CelcomDigi,Line Digi makin teruk lepas merge dengan Celcom ni👎🏻👎🏻,1,2026-09-07,App Store
CelcomDigi,好麻烦,3,2026-09-07,App Store
CelcomDigi,Temporary again & insufficient fund again again and again.. my account actually have fund kredit..,1,2026-09-07,App Store
CelcomDigi,Bungok,1,2026-09-07,App Store
CelcomDigi,At least every month theyre always on system updates which leads to me having no data use. Why shut down the whole app when u can just update it while the app still running. Fix it.,1,2026-09-07,App Store
CelcomDigi,"Freaking useless app ever, just trying to login my account and it keeps crashing and the worst thing was I already top-up RM30 for 5G internet and it freaking slow like hell I don’t even know where my RM30 for. Please guys do something ? Jgn nak ambil duit tapi do nothing.",1,2026-09-07,App Store
CelcomDigi,i hate how its really2 slow. very frustrating and annoying.  the old one is better imo. please please please do better,1,2026-09-07,App Store
CelcomDigi,"Teruk sangat dia punya apps, rasa mcm nk tukar je telcom lain, internet pon lembab sejak2 gabung celcom dgn digi ni, please buat something jangan smpai kami tukar telcom lain",1,2026-09-07,App Store
CelcomDigi,"The app keep crashing dude I need to pay my bill , the digi app before this is better ishhh",1,2026-09-07,App Store
CelcomDigi,Ni app ke siput babi,1,2026-09-07,App Store
CelcomDigi,Loading je smpai abis,1,2026-09-07,App Store
CelcomDigi,unable to login,1,2026-09-07,App Store
CelcomDigi,I tried to go into celcom to pay my bills and it said systems upgrade at 1:00-2:15am on the 27th of August. It is literally 9:09pm on the 7th of September???,1,2026-09-07,App Store
CelcomDigi,Slow cam taik nk bukak app,1,2026-09-07,App Store
CelcomDigi,App babi,1,2026-09-07,App Store
CelcomDigi,Mcm taik berat nak masuk. Pakaej hot spot besama data bulan tak ada yg 5rgit,1,2026-09-07,App Store
CelcomDigi,Apps takle nak login fix your apps please… even after reinstall pun sama. Nak login pakai OTP my digital semua takle masuk :(((,1,2026-09-07,App Store
CelcomDigi,"First, you force shut down the previous app, now you force this garbage app onto customers.

Your app does not work, I cannot even get into the app. Stuck in infinity loading.

Then it won’t accept auto billing anymore.

What kind of quality control nonsense is going on at your company?

Either you have incompetent in-house developers or your contracted developers have cheated you all.",1,2026-09-07,App Store
CelcomDigi,bukak app lembat,1,2026-09-07,App Store
CelcomDigi,Always log me out. When enter the the OTP always cannot read. Wth,1,2026-09-07,App Store
CelcomDigi,Ngimak apps paling slow aku penah guna kanina,1,2026-09-07,App Store
CelcomDigi,why to long to login this app,1,2026-09-07,App Store
CelcomDigi,Booo. Noob,1,2026-09-07,App Store
CelcomDigi,Please update the application to make it easier for users.,1,2026-09-07,App Store
CelcomDigi,Shame on every update that has been rolled out. Its keep apps even worst and not stable. Latest update from celcom did not perform and How I will to pay my bills if you keep crashing your apps. Thats make me things maybe your team do not let me to pay and use it for free,1,2026-09-07,App Store
CelcomDigi,"i cant even open the app for topup, sometime its so slow to topup, the apps buggy. overall bad experience",1,2026-09-07,App Store
CelcomDigi,So laggy slow connection,1,2026-09-07,App Store
CelcomDigi,to slow . upgrade please,1,2026-09-07,App Store
CelcomDigi,So slowwww,1,2026-09-07,App Store
CelcomDigi,Always down for no reason,1,2026-09-07,App Store
CelcomDigi,"Dulu digi ok ja, lepas join sekali celcom makin teruk digi",1,2026-09-07,App Store
CelcomDigi,Terok,1,2026-09-07,App Store
CelcomDigi,buka apps Celcomdigi pun lembab n i always go to manual tekan *118# apply for monthly internet. x faham kenapa nak wujud kan apps ni klau suma benda Lembab.,1,2026-09-07,App Store
CelcomDigi,Lembab,1,2026-09-07,App Store
CelcomDigi,Invest more on a cleaner and easy app to run. I have to uninstall couple of times as the app would not load and take a long time to boot up.,1,2026-09-07,App Store
CelcomDigi,"This app worst than window 95, hang off, connection failed! What the hell?????",1,2026-09-07,App Store
CelcomDigi,Always something going on with the app. All this money and you all cant even afford a decent app?,1,2026-09-07,App Store
CelcomDigi,"Stupid app, mahu login pun lembap, tau sdh pernah connect email, bila select email mahu approve still keluar tmpt login, dah try more than 3x haihhhh",1,2026-09-07,App Store
CelcomDigi,"Hopeless with So called secure feature but yet cannot do proper login with SSO keeps on failing Would have given 0 star but unfortunately a minimum 1 star

Update Sept2026: Hopeless now 🤦‍♀️ how can you have msisdn issue now with authentication login 🤦‍♀️ BLACK FLAG as you just exposing your user data to bad actors 🤦‍♀️ DO BUCK UP because your app is single point of contact and failure 🤦‍♀️",1,2026-09-07,App Store
CelcomDigi,Worst apps and hang. Need long time to load,1,2026-09-07,App Store
CelcomDigi,"digi lps ada app baru ni makin sial eh , nak login tkbole smpai hilg duit topup aku sial , sial btul",1,2026-09-07,App Store
CelcomDigi,The app sucks,1,2026-09-07,App Store
CelcomDigi,Worst apps ever,1,2026-09-07,App Store
CelcomDigi,"Apps paling teruk, paling lembab nak mampus ! Nak buka pun jenuh tunggu loading punya lama. Lepas tu langsung tak boleh buka !",1,2026-09-07,App Store
CelcomDigi,"Everytime i open this apps and it takes me a century to load,come on man what is this user experience,terrible",1,2026-09-07,App Store
CelcomDigi,Lambat nau appnya,1,2026-09-07,App Store
CelcomDigi,Sampah punya apk,1,2026-09-07,App Store
CelcomDigi,everytimr login very take long time,1,2026-09-07,App Store
CelcomDigi,"app lembab nak mampus. userr berjuta tapi sistem pun lembat tak upgrade. duit nak, servis tak update",1,2026-09-07,App Store
CelcomDigi,Menyusahkan Pengguna Celcom. App lama jauh lagi bagus . Loading sampai kiamat,1,2026-09-07,App Store
CelcomDigi,I can't open it every time. I'm stuck outside and can't get in.,1,2026-09-07,App Store
CelcomDigi,Fix the app. Wasted billions on M&A with Digi but still incapable of to properly invest in Customer service or the App itself. Bills always updated late on the app. Suddenly mu Number got barred. For good sake. Be Better!!!,1,2026-09-07,App Store
CelcomDigi,"DULU MYDIGI LAGI CEPAT , MUDAH. APLIKASI BARU NI LEMBAB , MUDAH BERMASALAH , MENYUSAHKAN BALIK2 GAGAL PEMBELIAN , TERUK !!!",1,2026-09-07,App Store
CelcomDigi,"What a dumbass app, always need to updated once a month. Do better tho",1,2026-09-06,App Store
CelcomDigi,"apps paling bangsat dan bodo,kita dah top up tapi still tak masuk masuk dalam apps,lepas tu loading bagai nak rak tapi tak load lagi duit top up tu,apps paling terok dan sengal dan menyusahkan orang dan melambat kan masa orang",1,2026-09-06,App Store
CelcomDigi,"Celcom only know how to make money,",1,2026-09-06,App Store
CelcomDigi,Such a horrible app i ever use,1,2026-09-06,App Store
CelcomDigi,"I read all the negative reviews here and although I agree the app can be much better, it is quite usable. It is very hard (impossible actually) to contact a human being, and if your problems are not listed in the robot answering machine's list, then you're in trouble.
One specific request to tech team - in My Numbers, my number is listed as using the old plan, instead of the One Pro. Please assist.",3,2026-09-06,App Store
CelcomDigi,app so lag. internet so slow. i tired. please upgrade to better version,1,2026-09-06,App Store
CelcomDigi,App ringan… nak loading lambat… data sedut cepat keparat… sebulan 2x kena beli quota… mengarut bila merge company ni… tamak… subcribe unlimited call… display pun takda… SMS lain cerita lah… kena ada balance dalam account… memang lemah dan lemas kan pengguna asik membayar… arghhh update version madatori pulak… HARAMj betul… orang tua pakai phone lama susah gini… user nak reload nak subcribe kena pakai iphone 17 ke apa? Bast giler,1,2026-09-05,App Store
CelcomDigi,"poor performance, keep loading",1,2026-09-05,App Store
CelcomDigi,"Apps bru ni mcm gampang , kejap boleh kejap tkleh . Problem molek digi",1,2026-09-05,App Store
CelcomDigi,beli internet sbulan 50 pon slow lgi pahal,1,2026-09-05,App Store
CelcomDigi,"Apps still on working….By the way, i just topup my number but still no update the internet and bill…..",2,2026-09-05,App Store
CelcomDigi,"THIS NEW UPDATE UGH , I CANT EVEN LOGIN MY ACCOUNT",1,2026-09-05,App Store
CelcomDigi,auto - renewing without permission. and customer care response is super slow with no solution at all,1,2026-09-05,App Store
CelcomDigi,"Lepas coleb ngn celcom jadi bangang digi ! Report pn same je takde yg elok makin teruk line .. bayar bulan ii jugak , dulu okey lepas join celcom ni jadi bodo .. hbis contract ni memang aku takkn sambung la digi nie lepas ni.. streessss !",1,2026-09-04,App Store
CelcomDigi,"Apps crash after update, very slow to log in need to improve",1,2026-09-04,App Store
CelcomDigi,"Everytime need to login, why does the system works like that ??? It is not convenient at all, secondly the app kept telling users to update, and yet not even one useful feature has been added or changed. Celcomdigi management sleeping or what? Can you guys fix this with efficient and innovation ?",1,2026-09-04,App Store
CelcomDigi,Dah kemas kini tapi masih tak boleh buka app ni jgn asik tulis update tapi tak boleh on,1,2026-09-04,App Store
CelcomDigi,"Every time i open the app, I am forced to log in again, even though I use it daily. Very frustrating user experience- please fix this login retention bug 😤",1,2026-09-03,App Store
CelcomDigi,"BRO NAK KENA UPDATE APA LAGI?! AKU MASUK APPS JE KAU SURUH AKU UPDATE THE LATEST VERSION, BILA AKU MASUK PLAYSTORE OR APPSTORE AKU CEK BALIK TAKDE PUN BUTTON UPDATE NYA?!",1,2026-09-03,App Store
CelcomDigi,App sampah,1,2026-09-03,App Store
CelcomDigi,"The UI is absolutely abysmal and nonsensical, some of the most basic things like changing your plan is buried in tons of different menus and the wording is extremely confusing. The app is exceptionally slow and unresponsive as well. Awful app. The previous MyDigi was far better than this.",1,2026-09-03,App Store
CelcomDigi,This app is so trash,1,2026-09-02,App Store
CelcomDigi,Terrible ergono,1,2026-09-02,App Store
CelcomDigi,Bapak lambat nk boleh ke buka app dgn loading terlalu lama,1,2026-09-02,App Store
CelcomDigi,"Sblom ni i punya kredit bulan je ada call buat sarvice sebulan 40 selama 6bulan first buat pymnt tu i byar awal tp sec tu ttba bill naik jadi 100 ke atas!! Call bagai ckp bill 40 sebulan mcm scam org je, klu trima call mcm ni jangan layan menipu! Aku buang terus simkad digi malas dh nak guna 5tahun elok je bayar kredit bulanan dripda bayar main bill, call suruh bayar sdgkn data aku guna pun tk habis msih berbaki tinggi betul cas spi 134 menipu! Scammer nak duit org lebih",1,2026-09-02,App Store
CelcomDigi,Slow and full with bugs,1,2026-09-02,App Store
CelcomDigi,as for 7+ iphone user i cant use this app anymore because the latest update must be ios up to 16.0. and im here stuck with 15.8 . can you fix that huh? i just wanted to use the app bro ??!,1,2026-09-02,App Store
CelcomDigi,Apps paling sampah aku pernah download dahlah slow pastu asyik servis problem apa kebingai aku takde data time nak beli nak cepat buat hal sialll,1,2026-09-02,App Store
CelcomDigi,App couldn’t refresh and even if I’ve sufficient balance still couldn’t purchase any new plan. Am using subsidized product. FFS please improve your app. Plus your line connection damn slow af.,1,2026-09-02,App Store
CelcomDigi,Seriously need to fix the app. Way to slow and keep loading. I have no idea how many times do I need to delete and reload back the app. Worst ever using this CelcomDigi.,1,2026-09-02,App Store
CelcomDigi,Benda celcom?? Apps paling sampah…pekerja ko tak buat keje ke?? Berat nak mampuihh apps,1,2026-09-02,App Store
CelcomDigi,I get failed facial verification. So app total useless now.,1,2026-09-02,App Store
CelcomDigi,Makin lama makin slow,1,2026-09-02,App Store
CelcomDigi,"After update, this apps cannot be open. It says “try again”. Please fix it",1,2026-09-02,App Store
CelcomDigi,"1. App entry took awhile, even medsoc games any other app took a second or less to load. This app longer
2. Due to 1st reason the moment i enter the app it goes to subscription which led to the payment, once it crash there the subcription go through led me lose my credit balance . This is one of the worst case scenario i face facing telecom application.
3. Every interfaces they have inside the app need to take forever to load, especially Usage and Balance. 

Forgot to mention, they successfully fooled users or us consumer to subscribe certain that suit our preference, then later raise the price by a huge amount not even considering any percentage  like maybe only raise 5-10% they choose to just raise it to certain price eg from RM7 to RM16. Ofc people still choose it since this telecom are the only option locally.

Idk how they come up with this, as if a bunch of business planner people come up with who have the dumb idea to raise they profit, then they choose the dumbest way, while other dumb people agreeing to proceed. Either its their price, their app etc. 


Overall this app like telling you to be patient with their incapable, lack skill, bad response, if this was a test from god, we as user can go to Heaven already by now.

Anyway its fortunate for them to be ‘monopoly’ in this region or state maybe i should say. Although its pretty unlikely, if in future theres a bunch of better telecom company, as long as their plan benefits users i will be their user and volunteer marketing and push this greedy one.

well thanks for reading",1,2026-09-02,App Store
CelcomDigi,"Firstly, saya ada balance RM 7 and saya reload RM 30 untuk top-up internet, but suddenly the number only appears RM 27. I've made sure that I reloaded RM 30 not RM 30. So where's my RM 10?! I've to reload another RM 10 to top-up my internet.",1,2026-09-02,App Store
CelcomDigi,"makin lama makin mahal tapi line tetap lembab , elok tukar lain dari pakai ni , selayaknya takde bintang",1,2026-09-02,App Store
CelcomDigi,"very suck, plus with you network issue and as a customer i need to ask for help but what i get is AI stupid, where human support ?",1,2026-09-01,App Store
CelcomDigi,"Kepala bapak ko la sial buat app taik ni, ko bukan main banyak duit tapi app ko macam anak haram. Pergi mampos babi",2,2026-09-01,App Store
CelcomDigi,Slow to load and laggy and buggy,1,2026-09-01,App Store
CelcomDigi,The worst of the worst app i ever install..taking so long just to look at the bill and the other..u better divorce celcom..,1,2026-09-01,App Store
CelcomDigi,Dont change the most important thing in this apps please u idiot….aku nak tengok usage aku berapa date dia…kau sedap update macam babi…dah la line lembat mcm sial…baik yang top up by minggu / by bulan same je…tau nak untung…untung2 jugak…line kasi laju la,1,2026-09-01,App Store
CelcomDigi,"Really slow connection , had to wait for several minute to open the app . Really disappointing",1,2026-09-01,App Store
CelcomDigi,"App macam t*** , nak buka app slow macam celaka , bayar bulan mahal2 app speed macam siput",1,2026-09-01,App Store
CelcomDigi,"bad app so far , slow loading and too many bug",1,2026-09-01,App Store
CelcomDigi,not deserve any star btw. stupid app. i think this app made by clerk.,1,2026-09-01,App Store
CelcomDigi,"i have been struggling to use the apps since last year, i used to rely on celcom apps before. now looking at simple usage also loading for hours.. reinstall the apps does not help. worst merger decision.",1,2026-09-01,App Store
CelcomDigi,trouble logging in and could not make payment due to updating issue. problematic,1,2026-09-01,App Store
CelcomDigi,"""Calling a plan 'Unlimited' only to throttle it to an unusable 512kbps is pure false advertising. If your network can't handle basic usage without capping speed, stop using misleading labels just to sign people up.""",1,2026-09-01,App Store
CelcomDigi,Di kawasan saya di luar bandar negeri perak capaian internet Celcom DIGI terlalu perlahan…..kalau 2 bar Line pon x kekal …. Kalau 4G 4bar lagi lah susah nak dapat di kawasan saya…. Mohon Celcom DIGI buat yg sepatutnya….,1,2026-08-31,App Store
CelcomDigi,"apps paling bodo zaman madanon, cam jilake nyer",1,2026-08-31,App Store
CelcomDigi,memang anjingggg,1,2026-08-31,App Store
CelcomDigi,Don’t mention about the app function first. The login step is already a big issue. Lot of bugs with the app. The upgrade of app always bring more issue. The one who built the app should get fired!!,1,2026-08-31,App Store
CelcomDigi,Teruk! Apps yg baru MENYUSAHKAN!! Suruh update bila nak update app kat AppStore takde tulis update nak tekan apa woi!,1,2026-08-31,App Store
CelcomDigi,Please update upgrade your apps still lag at internet speed 50-100mbps. Others: Free for prepaid users more than 3 months : Free iPhone full set 100% original from APPLE NO CLONE. No hidden charges to customers. Directly at HQ DEALER OFFICE not from events / agents. Please direct to contact me. PROTECTION FROM CLONES IPHONE SUPPLY. Surplus: income for apple & celcomdigi. OTHERS: if any leaking information & data in app direct/indirectly we not negotiable to sue all parties involved.,3,2026-08-31,App Store
CelcomDigi,start 26/8/26 internet saya takde tatau knp sehingga 31/8/26 pada pukul 1 lebih bru ad. ni nk buat camna tarikh akhir-akhir internet saya habis bru ad,1,2026-08-31,App Store
CelcomDigi,Tiap hari memang makin lembab ke kiwak,1,2026-08-31,App Store
CelcomDigi,I can easily find,5,2026-08-31,App Store
CelcomDigi,"Sangat menyusahkan jika ade lebih dari satu account, kena pay one by one…very frustrating",1,2026-08-31,App Store
CelcomDigi,speechless,1,2026-08-31,App Store
CelcomDigi,Please support ios 15 i I cant use this app anymore,1,2026-08-30,App Store
CelcomDigi,lembab,1,2026-08-30,App Store
CelcomDigi,Y’all dumbass,1,2026-08-30,App Store
CelcomDigi,It’s absurd to ask customers to buy newer fons just to align to their latest updated version f d apps! Very unconsumer friendly! Tat’s it-no better response! At least let us download back our older versions instead f first asking you to download their latest version n kaboom! Your older can’t be downloaded without advance warning! Honestly d most unfriendly internet server!😤😂,1,2026-08-30,App Store
CelcomDigi,Mohon untuk di chek line dekat simpang bekenu ni,2,2026-08-30,App Store
CelcomDigi,mcm bodoh punya app nak masuk lambat satu hal nak cek baki internet lambat gila,1,2026-08-30,App Store
CelcomDigi,"harga bukan main naikkan tinggi2 kuota naik ciput line pula slow nak mampos ,apahal ni digi harga naik melambong nak cekik orang ke?bnkrup?line pula lembab laju lagi siput bagus2 harga dah ngam dia naikkan pula cam bbi leps tu box surprise semua mahal2 memang bgap la",1,2026-08-29,App Store
CelcomDigi,Mine is an old iPhone so how,1,2026-08-29,App Store
CelcomDigi,"Why cannot log in by just using the phone number and OTP? I need to go through many things before I can access the app. I just want to view my account, know my balance and make payment.

Every time I need to log in, I need to verify my Digital ID, choose my username and my logo. Really nonsense !!",1,2026-08-29,App Store
CelcomDigi,Very slow apps and sluggish,1,2026-08-29,App Store
CelcomDigi,"I bought new sim card by this telco. But, I can’t activate my sim card. This telco is stupid  🙄",1,2026-08-29,App Store
CelcomDigi,if i can give 0 star i would,1,2026-08-29,App Store
CelcomDigi,Why the app force update iOS 16? My dad stay on iphone 7 plus and the latest ios 15.8.8 and i unable to update ios16. So how do i use this app? Try to thinking lah,1,2026-08-29,App Store
CelcomDigi,Celcom reduced my data plan to 50GB for $63.70! Going to switch to others!,1,2026-08-28,App Store
CelcomDigi,"Apps paling babi menyusahkan orang. Bodoh , celaka . Kejap2 update. Kepala butoh. App paling sampah bodoh mcm staff2 dia. Dari Ceo sampai macai bodoh. Mcm celaka.",1,2026-08-28,App Store
CelcomDigi,Easy,4,2026-08-28,App Store
CelcomDigi,"Telco paling lembap pernah pakai , banyak masalah ! menyusahkan orang",1,2026-08-28,App Store
CelcomDigi,"I’m using iPhone 12 with latest iOS and the app is up to date. When i tap on the view bill or pay bill nothing is happening and stucked just like that. Tried to kill and restart the app and same problem happened, only can view bill thru AI but still cannot pay. Hello you want money or not? Simple app also cannot manage is this AI era? Please fix your app please.",1,2026-08-28,App Store
CelcomDigi,Very easy to prebook roaming facility to be used in Sri Lanka. TQVM CelcomDigi!,5,2026-08-28,App Store
CelcomDigi,Payment paid still remained at the apps no keep updated.,2,2026-08-28,App Store
CelcomDigi,"bodo celcom,baiki la line kau ni pantat mcm bodo..2,3hari no signal apa bende babi",1,2026-08-28,App Store
CelcomDigi,"Too much problem, I want to purchase the network but it doesn’t work, and always says that the payment was failed!!",1,2026-08-28,App Store
CelcomDigi,"Hello celcomdigi, please update and make user friendly ur apps. How come we cannot find to stop our plan with auto renewal.. i try to by 118 also is difficult and now my position in outside malaysia so cannot go to ur store.
Please also activated our email for customer service. For make easy ur customer. Thank you",1,2026-08-28,App Store
CelcomDigi,Even if we wish to pay coz line has even barrer offer some connection la and full of technical errors like it takes forever . Buck up IT team otherwise hire the specialist for it,1,2026-08-28,App Store
CelcomDigi,"App bodoh lebih better app lama ""CELCOM LIFE"" dari app ni nak bukak pun payah lama tunggu kadang sampai takleh bukak bodoh",1,2026-08-28,App Store
CelcomDigi,"Hi CelcomDigi, I would like to make a complaint regarding the very slow and unstable Celcom network in my residential area.

The problem has been happening for quite some time, and I have already made several complaints about the same issue. Unfortunately, the network is still very slow and the problem does not seem to be properly resolved.

My address is:

Block F108, Lorong Demak Sepakat Jaya 6A, 93050 Kuching, Sarawak, Malaysia.

I hope CelcomDigi can check the network in this area and take proper action to improve the service. As a customer, I hope to receive a better and more stable connection.

Please take this complaint seriously and help resolve the issue as soon as possible. I hope I won’t have to consider switching to another network provider because of this ongoing problem.

Thank you, and I look forward to your response and a proper solution",1,2026-08-28,App Store
CelcomDigi,"mcm babi line , tkyh duk gabung la dgn digi .. duk updgrade buat babi ape",1,2026-08-27,App Store
CelcomDigi,Mudah dan pantas,5,2026-08-27,App Store
CelcomDigi,Did not recognize the TAC number,5,2026-08-27,App Store
CelcomDigi,Annoying that i cant pay my bills in bulk.,1,2026-08-27,App Store
CelcomDigi,Just bad service,1,2026-08-27,App Store
CelcomDigi,Faster than ever,5,2026-08-27,App Store
CelcomDigi,WOI BANGANG KAU TETIBA RENEW UNLIMITED DATA ONLY 35 dah la SLOW MCM BARUA aku cancel BURN BABI DUIT AKU 35 anjing celcom makan duit haram aku tak sampai seminit pon anjing,1,2026-08-27,App Store
CelcomDigi,menyusahkan,1,2026-08-27,App Store
CelcomDigi,Please fix this app !,1,2026-08-27,App Store
CelcomDigi,"Must allow combined payments. Currently not user friendly. Have to do multiple times, waste of time!",2,2026-08-26,App Store
CelcomDigi,Easy to use,5,2026-08-26,App Store
CelcomDigi,easy to use,5,2026-08-26,App Store
CelcomDigi,line semakin hari semakin slow beli mahal ii pon slow,1,2026-08-26,App Store
CelcomDigi,"Call mulut manis kata dapat itu ini, lepas je upgrade pekej mahal haram satu bende pon x dpt",1,2026-08-26,App Store
CelcomDigi,"Apps slow, nak topup pun kadang2 kena tunggu sampai 2 minit depan skrin sebab button reload tak keluar tengah loading. Touch pun kadang2 tak detect, kena spam banyak kali baru masuk. Rindu apps kuning digi, smooth dan laju je",1,2026-08-26,App Store
CelcomDigi,Too slow,3,2026-08-26,App Store
CelcomDigi,"Paling teruk mau buka app ndk dapat  sama sekali
. Isi realod pun mau tipe berpuluh kali baru dapat",1,2026-08-26,App Store
CelcomDigi,Update but always same HAHAHA just delete your app,1,2026-08-26,App Store
CelcomDigi,to slow when open the app and want to buy internet,1,2026-08-26,App Store
CelcomDigi,This app is bloated while all I want to do is pay bill and restore service. The required to register again is entirely app failure,1,2026-08-25,App Store
CelcomDigi,Mudah digunakan user friendly,5,2026-08-25,App Store
CelcomDigi,Good,5,2026-08-25,App Store
CelcomDigi,"setiap kali nak buka, kena download semula",1,2026-08-25,App Store
CelcomDigi,Great UI but please fix the slowness of your app please! Everytime has to click twice to get a page to respond,1,2026-08-25,App Store
CelcomDigi,ok bh,5,2026-08-25,App Store
CelcomDigi,Every 2 months I try to get a statement to claim. Every 2 months sweet new issues happen. Now when I try to log in it says TRY AGAIN. And after 2 times try again it is completely blank. Thank you for your great service on 20 plus years to me. I know I am the smartest person for still using you after 20 years,1,2026-08-25,App Store
CelcomDigi,Bad service and confuse statement,1,2026-08-25,App Store
CelcomDigi,Nak beli internet xdapat oiii xhabis2 keluar pembayaran gagal..,1,2026-08-25,App Store
CelcomDigi,"apa laa teruk sangat servis celcomdigi ni makan duit haram ke sial,aq bayar mahal2 servis macam p*kim#k",1,2026-08-25,App Store
CelcomDigi,Old celcom app much more user friendly and stable. And that was 5 years ago.,1,2026-08-25,App Store
CelcomDigi,Worst,1,2026-08-24,App Store
CelcomDigi,"Kene scam dengan staf celcom kata data speed unlimited, tup2 da setahun staf celcom lain kata speed data 30mbps ja. Ape cerita",1,2026-08-24,App Store
CelcomDigi,"This app just want user to buy their data and products, not for user purposes, it is disgrace for user to know their importance status like roaming status , subscription cancellation etc, they should know what customers needs and not their useless products",2,2026-08-24,App Store
CelcomDigi,"Intermittent line at Kg Pendas Laut, Gelang Patah, Johor Bahru",3,2026-08-24,App Store
CelcomDigi,I not able to login to my account in any way. Reinstall 3 times with no luck.,1,2026-08-24,App Store
CelcomDigi,"I just wanted to pay my bill, old version is better, stable, and easy to use. The new version always getting a lots of trouble such as unable to view your current total data, pop out ""ops, something went wrong"", always loading on current package you are using and so on.",1,2026-08-24,App Store
CelcomDigi,Good,5,2026-08-24,App Store
CelcomDigi,too slow ，not smooth,2,2026-08-24,App Store
CelcomDigi,Entirely rubbish app.,1,2026-08-24,App Store
CelcomDigi,Menyebabkan data tiba-tiba hilang enternet. Pada jam1.26am 25/Ogos/2025 di kawasan keningau,1,2026-08-24,App Store
CelcomDigi,don’t use,1,2026-08-24,App Store
CelcomDigi,Senang n mudah,5,2026-08-24,App Store
CelcomDigi,Not easy payment,2,2026-08-24,App Store
CelcomDigi,skit ii kau update org mcm takde kje laen plk,1,2026-08-23,App Store
CelcomDigi,ia sangat kecewa saya beli rm30 tapi line tak ada lagi rugi la saya 30 ringgit line E tolong laaa pela ni pembaziran,1,2026-08-23,App Store
CelcomDigi,Very fast to payment,5,2026-08-23,App Store
CelcomDigi,Baddddd. Advance RM10 dapat RM7. Then my bf topup lagi RM5. Tak sampai 30 minit dah tolak duit advance RM10. 👎🏻. Aku tak guna lagi tau. Service bad lepas gabung dengan celcom,1,2026-08-23,App Store
CelcomDigi,"app slow macam barua,sekarang dah 2026 tapi app slow macam tahun 2015",1,2026-08-23,App Store
CelcomDigi,"Apapun tak function app ni, teruk betul lah. Dah reload tapi still tak naik kat app, apo daaaaa. Tolong lah perbaiki service, stresss haku nak mengadapp",1,2026-08-22,App Store
CelcomDigi,"I cannot make easy payments to purchase add ons, I had to do this manually on web",1,2026-08-22,App Store
CelcomDigi,cuii,1,2026-08-22,App Store
CelcomDigi,"this is the worst app ive had , internet wont work well all the time , you bought the expensive package you get the same as the cheaper package , so worse im disappointed with this",1,2026-08-22,App Store
CelcomDigi,not bad,5,2026-08-22,App Store
CelcomDigi,One stop at Celcomdigi Apps couldn’t be more exciting when you can explore everything u der one apps,5,2026-08-22,App Store
CelcomDigi,good,5,2026-08-22,App Store
CelcomDigi,Good,5,2026-08-22,App Store
CelcomDigi,app sampah nak bukak makan tahun delay credit masuk lmbt padhl dh dpt notif credit masuk time buka app xde smpah loading seabad,1,2026-08-22,App Store
CelcomDigi,fix ur app its useless,1,2026-08-22,App Store
CelcomDigi,"Digi tak wujud kat penang, slow nak mampos",1,2026-08-22,App Store
CelcomDigi,good,5,2026-08-22,App Store
CelcomDigi,"Aduh, this new app is so slow when using it, I keep getting stuck at every loading screen. Honestly, bagus lagi app Digi yang lama — at least that one was simple, fast, and didn't make me wait 5 seconds just to check my data balance. Why fix something that wasn't broken?",1,2026-08-22,App Store
CelcomDigi,Wibowo damanik,5,2026-08-22,App Store
CelcomDigi,"menyusahkan,line dah lembab,beli data mahal mahal pastu brpe minggu dh slow",1,2026-08-22,App Store
CelcomDigi,Over billing,2,2026-08-22,App Store
CelcomDigi,"Very good WiFi, 20minute game I can disconnect for 8times 👍👍👍 and 200 ping and above , I can’t even play 👍👍👍❤️❤️❤️",1,2026-08-22,App Store
CelcomDigi,This app says try again when you log in. So what do you want users or subscribers to do next??,1,2026-08-21,App Store
CelcomDigi,digi hanjenh,1,2026-08-21,App Store
CelcomDigi,Too complicated. I just need this fon number to function. That's it.,1,2026-08-21,App Store
CelcomDigi,Always cannot open the apps keep loading🙄,1,2026-08-21,App Store
CelcomDigi,"Macam bodoh punya app manjang nak loading nak bug, punya la bodoh!",1,2026-08-21,App Store
CelcomDigi,"silly app.. stuck at the logo, im user old digi, what the point after celcomdigi become partner? The Digi connection is getting slower and packages are becoming more expensive, yet the internet speed hasn't improved at all.",1,2026-08-21,App Store
CelcomDigi,Quota hbis brpa kali nk add on,1,2026-08-21,App Store
CelcomDigi,Line lembab nak mampus. Cam bodo,1,2026-08-21,App Store
CelcomDigi,"Tak tahu lah kenapa lembab sangat apps nye .. sekali klik , nak tunggu 10-20 saat .. kejadah nya 👎🏻",1,2026-08-21,App Store
CelcomDigi,celcom bodoh menyusahkan,1,2026-08-21,App Store
CelcomDigi,Line mcm siput babi..siput babi lagi laju ..bodoh punya celcom menyesal aku tukar ke ko nihh..service mcm taikk..org beli line dgn duit tau tp ko punya line mcm taikk bodohhhh,1,2026-08-21,App Store
CelcomDigi,"the last version more more more better than this stup** version,it is verry slow.

open the apps already took 10 minutes",1,2026-08-21,App Store
CelcomDigi,So slow,1,2026-08-21,App Store
CelcomDigi,literally gets me nowhere. takes so much time to find smtg simple. need to improve. so frustrating i feel like changing telco,1,2026-08-20,App Store
CelcomDigi,"Slow sangat apps ni, lepastu takda option payment lain, semua kena topup acc dulu, leceh, tak mesra pengguna, baik tukar ke telco lain",1,2026-08-20,App Store
CelcomDigi,Awesomely efficient and easy to use as well and the fact that it has been around since the beginning of time has made it even better,5,2026-08-20,App Store
CelcomDigi,line macam sial slow babi bodo,1,2026-08-20,App Store
CelcomDigi,Terbaik,5,2026-08-20,App Store
CelcomDigi,"Before this i using My Digi,but after use this app its totally sucks, no more add on for hotspot quota, no coverage at my house, slow working apps, seriously? What u guys doing?",1,2026-08-20,App Store
CelcomDigi,Baru je update walaupun update tu dah lama available. Lepas update app terus berdesup dan membikin rasa mekar di hati. Syabas team yang berkenaan! Cuma refresh kredit & tarikh luput kredit je masih tak berdesup. Terima kasih untuk service anda!,4,2026-08-19,App Store
CelcomDigi,cun,5,2026-08-19,App Store
CelcomDigi,sangat slow .,2,2026-08-19,App Store
CelcomDigi,"Celcom App Review
Title: Convenient Mobile Account Management
Celcom provides a useful app for managing mobile services. It is convenient for checking usage, viewing account information, managing plans, and making payments. The app is easy to navigate and helpful for everyday mobile needs.",5,2026-08-19,App Store
CelcomDigi,power,5,2026-08-19,App Store
CelcomDigi,"Previously you did allow payment via debit card, now you do not.",2,2026-08-19,App Store
CelcomDigi,nice,5,2026-08-18,App Store
CelcomDigi,The past apps easy to reciew the bills and history.the latest one always jam and hard to log in andy many issur wasting time.we want the old apps back!the upgrade make us headache and worsr then maxis.if continue like tis i will switch to maxis,1,2026-08-18,App Store
CelcomDigi,The only,4,2026-08-18,App Store
CelcomDigi,The data is very weak n slow meanwhile the plan very pricey. I buy the data plan for one month but 1 / 2 weeks before the plan expires my internet connection was slow.,1,2026-08-18,App Store
CelcomDigi,"Barred without warning 
Auto billing not funtion 
App lag",1,2026-08-17,App Store
CelcomDigi,"Apps lembab,slow,line problem",1,2026-08-17,App Store
CelcomDigi,bad,1,2026-08-17,App Store
CelcomDigi,App paling lembab yang pernah ada,1,2026-08-17,App Store
CelcomDigi,Just want to do simple top up also takes so many time. Keep loading loading loading never ever ends.,1,2026-08-17,App Store
CelcomDigi,Terbaik,5,2026-08-17,App Store
CelcomDigi,Fast,5,2026-08-16,App Store
CelcomDigi,"i was a digi user all my life then after the collab digi js not for me and i hate digi , and even this app is such a trash , pls improve digi , digi was the best before pls
and all i can say is this is so taik",1,2026-08-16,App Store
CelcomDigi,internet bukan main laju kau buat expired aku nak beli internet pun cam gampang lancau,2,2026-08-16,App Store
CelcomDigi,super easy for payment and everthing,5,2026-08-16,App Store
CelcomDigi,Previous app had feature to pay multiple lines in one transaction. Please bring back that feature urgently,2,2026-08-16,App Store
CelcomDigi,App is too slow. Especially when loading,2,2026-08-16,App Store
CelcomDigi,Bad line coverage at Eco Majestic Semenyih 👎🏻,1,2026-08-16,App Store
CelcomDigi,Unable to log in the apps and make payments,1,2026-08-15,App Store
CelcomDigi,App dan internet paling bangsat,1,2026-08-15,App Store
CelcomDigi,azsyana,5,2026-08-15,App Store
CelcomDigi,"App paling bodoh, bagi aku link nak activate sooka subscription, tapi link tak boleh click. Takde plak hantar link kat email. Benda basic macam tu pun nak menyusahkan customer ko. Bodoh betul la. Team mana la ko hire buat app bodoh macam ni. Customer ko bayar ko duit la bodoh, nak menyusahkan customer tu kenapa. Banggang. Ko dgn astro sama2 banggang.",1,2026-08-15,App Store
CelcomDigi,So many bug its unusable not recommend,1,2026-08-15,App Store
CelcomDigi,"Poor service, app not user friendly",2,2026-08-14,App Store
CelcomDigi,Pls developver more need to be fit this problem too slow too many bug,1,2026-08-14,App Store
CelcomDigi,"loading bapak lama, payment kadang masuk tak masuk, kadang activekan lambat. rasa cam nak tukar sim dan kalau boleh rasa cam nak baling phone kalau pakai celcom digi. harap diperbaiki.
sekian terima gaji asemekom.
kalau boleh pulang duit saya yang burn tu. ok last asemkom",1,2026-08-14,App Store
CelcomDigi,"Your app is such a pathetic reload in app payment failed but website successful, all the team built this app should be fired",1,2026-08-14,App Store
CelcomDigi,Bad apss ever!!,1,2026-08-14,App Store
CelcomDigi,"mcm bodo lagi mcm guna app murah, nak topup pun lambat. pakai app lagi celcomlife lagi best, laju, tak byk bug. mcm sial bodo aku nk keje takle topup. mmg menyusahkan",1,2026-08-14,App Store
CelcomDigi,Bro please make your app more responsable,1,2026-08-14,App Store
CelcomDigi,"Celcomdigi skrng memang sebulan kene buat internet 2,3x ke ? Unlimited tak mcm unlimited",3,2026-08-13,App Store
CelcomDigi,DATA UNLIMITED TAPI ADA FUP BANGANG SIAL BAIK TAKPAYAH KATA UNLIMITED MEMANG MAKAN DUIT HARAM AKU TAK HALALKAN DUIT YG AKU BAYAR KAT CELCOMDIGI TAIK NI. MAKIN UPDATE MAKIN MAHAL CIBAI AKU SAMAN COMPANY NI.,1,2026-08-13,App Store
CelcomDigi,tolong jangan nak menyusahkan org,5,2026-08-13,App Store
CelcomDigi,Unable to deactivate voicemail for roaming,1,2026-08-13,App Store
CelcomDigi,"This is my honest review. When the internet data finished , this app cannot spare even a little data for me to open the apps. I dial *118# also cannot repurchase my add on. That *118# is so useless. Keep telling “there is no package available for you at the moment” i am so piss off. When I managed to open the apps, the repurchase in the app also not working. Seriously though, update your sistem. So bad even after you merge together. You gonna lose so many customers a lot. I am Planning to change other telco until you guys learn to update your service. Please learn to improve services not just charging customers. Thank you",1,2026-08-13,App Store
CelcomDigi,So good,5,2026-08-13,App Store
CelcomDigi,baguss,5,2026-08-13,App Store
CelcomDigi,"bill mahal"" tapi line serupa taik..",1,2026-08-13,App Store
CelcomDigi,Good,5,2026-08-13,App Store
CelcomDigi,"lepas collab terus line slow beli internet mahal mahal line cam siput bazir duit ja beli untuk sebulan unlimited, tapi hari ke-15 dah macam tak beli internet dah la mahal",1,2026-08-13,App Store
CelcomDigi,"Reload history and transaction history is always blank. If i keep some extra money in app it was gone and a hidden package was activated even without my knowledge and theres no way to check the history bcse its empty.
I wanted to disable a package earlier and theres no way to disable it properly. and everyday I get an sms to reload to activate that package. wth. so if i reload some extra its gone. I feel it’s a scam. we’ll not talk about the reliability of the network bcse its uselss",1,2026-08-12,App Store
CelcomDigi,digi rosak line slow habis,1,2026-08-12,App Store
CelcomDigi,"Tolong update servis app ni.

Bila saya dah top up, saya kena refresh berkali-kali baru app dapat detect yang top up dah masuk. Bila saya dail *124#, memang top up dah berjaya, tapi bila semak dalam app masih kosong dan kena refresh banyak kali baru jumlah kredit muncul.

Lepas tu, dah 3 kali saya beli internet. Dekat SMS dah tulis internet berjaya diaktifkan, tapi bila semak dalam app, masih belum masuk. Memang terlalu lambat untuk update.

Sejujurnya, app CelcomDigi yang lama lagi laju dan lebih responsif. Harap pihak anda dapat ambil perhatian dan buat penambahbaikan secepat mungkin sebab masalah ni memang menyusahkan pengguna.

Terima kasih.",1,2026-08-12,App Store
CelcomDigi,Dog,1,2026-08-12,App Store
CelcomDigi,easy to used,5,2026-08-12,App Store
CelcomDigi,Maybe CelcomDigi can put a free point or credit for a good review....its amazing laaa🤩🥳🤩🥳🤩🥳,4,2026-08-12,App Store
CelcomDigi,Always got issue with opening the apps. And I couldn’t even view my bill through the apps although I have done everything as requested.,1,2026-08-12,App Store
CelcomDigi,ape bende punya apps la sampaikan nk beli data pun banyak kali retry,3,2026-08-12,App Store
CelcomDigi,Line slow mcm siput babi binatang betoi duduk dlm rumah smpai tak boleh langsung 2 bar sahaja line haram jadah apa collab dengan digi bodo celcom pun jadi bodo yg kita tukaq nk sbb dlu celcom laju pakai line haram jadah apa sama jaa dengan line hat lain ii,1,2026-08-12,App Store
CelcomDigi,"Tolonglah bagi elok sikit line tu aku ni bukan duduk kawasan hutan kok sapai line slow macam siput bukan setakat slow dah kadang naik ofline terus 2 hari jadi macam tu nak buat ape ii pon susah orang bayar line kau tapi kau boleh pulak lepaskan takde line 2 hari, kalau ade masalah teknikal repair la secepat mungkin ni tak biarkan line macam siput 2 hari nampak kita ni tak professional sekali lagi aku nak cakap tolonglah settle  masalah system tu, aku ni pakai celcom dah 10 tahun dah tak pernah teruk macam celcom digi sekarang ni",1,2026-08-11,App Store
CelcomDigi,recommended to all,5,2026-08-11,App Store
CelcomDigi,"Useful for managing my mobile plan, checking data usage, and handling payments. The app makes managing my account more convenient",5,2026-08-11,App Store
CelcomDigi,Fast and nice aps,5,2026-08-11,App Store
CelcomDigi,good,5,2026-08-11,App Store
CelcomDigi,"it’s loading too long esp when the i open the app it’s loading too long,my internet and wifi is okay but to get inside the app",1,2026-08-11,App Store
CelcomDigi,Huhu,3,2026-08-11,App Store
CelcomDigi,worst app ever.. too slow..,1,2026-08-10,App Store
CelcomDigi,Not user friendly,1,2026-08-10,App Store
CelcomDigi,rangkaian yg terbaik..smoga trus maju dan membantu orang2 yg memerlukan bantuan..,5,2026-08-10,App Store
CelcomDigi,apps babi nak cancel mpass tak boleh. apps bodoh. tiap bulan dah banyak tahun kena telan bodo je duit. bukan pakai mana pon. ni apps paling babi. celcomlife lagi bagus. apps babi bodoh. ai dalam tu lagi bodo macam babi tak leh baca apa tu MPASS babi bodoh punya celcomdigi,1,2026-08-10,App Store
CelcomDigi,Need to improved your navigation page and have the option for other line payment under same device .,1,2026-08-10,App Store
CelcomDigi,"take forever to update payment, reload or purchase using this apps. CELCOMDIGI ARE GOING DOWN!!!!",1,2026-08-09,App Store
CelcomDigi,Can you please fix your service you internet was very slow,1,2026-08-09,App Store
CelcomDigi,Slow,1,2026-08-09,App Store
CelcomDigi,Easy to use 🤝 tq,5,2026-08-09,App Store
CelcomDigi,"lembab nak mampo- , cerai je la ngan digi serabut betul bukannya memudahkan , dah la digi asalnya mmg lembab kau pegi collab pulak dah jadi satu masalah untuk user celcom yang mmg guna celcom dari dulu , serabut betul , celcom dulu lembab jugak takde la lembab mcm skrgni , duduk bandar pun hauk jugak lembab , mmg lembab lembabbbbbbbbbb!!!!! slow nak mampos !!!!",1,2026-08-09,App Store
CelcomDigi,dah kawin bukan nye lebih kuat tapi lebih slow,1,2026-08-09,App Store
CelcomDigi,Easy to monitor and pay the bills with simple user interface.,5,2026-08-09,App Store
CelcomDigi,"I know somebody is reading this so please take note. The app is so not user friendly. Something small as changing card detail pun tak boleh enable through the app. I have to call the service centre to create a ticket. Are we living in 1966 people? Kenapa teruk sangat app korang ni? None of you use the app ke? No one notice how bad the app is? For the love of God, please hire better app dev/ tester for this. Last time i had this issue i had to go to the nearest service centre just to enable auto billing. Korang buat app just to say “hey we have app too” je ke? If i could rate this -100 I honestly would.",1,2026-08-08,App Store
CelcomDigi,why the apps keep crashing when i want to set auto bill in the app? previous app is much better,1,2026-08-08,App Store
CelcomDigi,Previous Digi apps is much easier and user friendly with fair charges,1,2026-08-08,App Store
CelcomDigi,Be steady pls,1,2026-08-08,App Store
CelcomDigi,Ok la juga,5,2026-08-08,App Store
CelcomDigi,"Digi sejak bergabung dengan celcom banyak betul
Masalah. Dah banyak kali sim jadi no service internet jadi masalah haih. Berhari hari pulak tu orang chat orang call tak masuk",1,2026-08-08,App Store
CelcomDigi,"Good apps and wonderful promotion!😍

One more thing,make sure fix yr bugs everytime to make sure  internet not lagging!🤗",5,2026-08-08,App Store
CelcomDigi,semenjak collab dengan celcom digi punya line mcm taik dulu ok je skrg mcm taik line dhla prepaid mahal nak mamposs dulu 15 dh dpt sebulan skrg atleast 30 bru dpt sebulan mmg BB1 punya line,1,2026-08-08,App Store
CelcomDigi,"Really bad. Bad interface, lagging",1,2026-08-08,App Store
CelcomDigi,Line slow..certain place doesn't have coverage..really disappointed,1,2026-08-08,App Store
CelcomDigi,Nice iffers of data plans and roaming thank you,5,2026-08-07,App Store
CelcomDigi,Much better than before,5,2026-08-07,App Store
CelcomDigi,Easy to purchase,5,2026-08-07,App Store
CelcomDigi,Thanks,5,2026-08-07,App Store
CelcomDigi,kerajaan bodoh,1,2026-08-07,App Store
CelcomDigi,If banking got bank islam. Tele apps got celcom. Slow as hell. Digi was faster before he let celcom joined! Ahhhh,1,2026-08-07,App Store
CelcomDigi,"Dah 2-3 kene , dah topap rm30 utk auto renew data, tahu tahu data tak renew tapi topap dah tolak, call centre mcm anak anjing tak reti jawab, buabi punya celcom",1,2026-08-07,App Store
CelcomDigi,APP TERLALU LEMBAB,1,2026-08-07,App Store
CelcomDigi,Slow,1,2026-08-07,App Store
CelcomDigi,"plis app ni nda membantu sangat 😌 kenapa app celcom satu kena kasih pupus suda? haiya menyusahkn hidup betul ni, sudahla outo renewel data kimbet betul . bikin susah ja mau tutup outo renewel . lg satu belum habis bulan habis sudah data padahal unlimited .TOLONG LA KASIH BAGUS CELCOM MCM DULU .!",1,2026-08-06,App Store
CelcomDigi,"apps paling sampah,da elok"" boleh terus bank in tak payah nak topup"" ditukar,bodo",1,2026-08-06,App Store
CelcomDigi,"App bodoh, lagging terus, slow macam anjing. Pokoknya bodoh",1,2026-08-06,App Store
CelcomDigi,"App nak buka pn slow,internet tk sampai sebulan lagi dk slow,tkleh pakai",1,2026-08-06,App Store
CelcomDigi,Very easy to do,5,2026-08-06,App Store
CelcomDigi,"Aplikasi paling teruk dan teramat teruk, selepas digi combine dengan celcom, servis jadi teruk. bila buka apps ni selalu berat, mengambil masa lama untuk masuk ke apps CelcomDigi ini.. CelcomDigi perlu upgrade apps ini untuk pengguna. Dulu sebelum digi combine dengan celcom, apps digi okay dan tak bermasalah, mudah dan tidak berat.. bila digi dgn celcom bergabung semuanya berubah. Bukan berubah lagi baik, tapi berubah pada tidak baik! 👎🏻👎🏻 apps sampah dimasa kini. Tolong upgrade jadi lebih baik.. CelcomDigi👎🏻👎🏻 Teruk!!",1,2026-08-06,App Store
CelcomDigi,"makin hari makin cibai celcom , bayar mahal pstu error",1,2026-08-06,App Store
CelcomDigi,BODOH LAH SAPE YANG BUAT APPS NI LEMBAB GILE ANNJINGGGGG,1,2026-08-06,App Store
CelcomDigi,beli data unlimited sebulan tapi seminggu baru guna dah line slow. huhu,1,2026-08-06,App Store
CelcomDigi,Jgn pakai digi pls,1,2026-08-06,App Store
CelcomDigi,Bila sampai waktu bayar bil sampai nak blok nombor. Tapi bila buat aduan line teruk bukan main lambat dan takda tindakan langsung untuk selesaikan. Sampai sekarang line teruk di kampung jalan olak batu tiang lampu tnb 19. Takda kemajuan jugak habis kontrak ni selamat tinggal la Celcom. Baik amek telco lain.,1,2026-08-05,App Store
CelcomDigi,plan on demand daripada 14ringgit jadi 16ringgit.  plan harga mahai nk mmpus tapi line campalattt,1,2026-08-05,App Store
CelcomDigi,useless as f,1,2026-08-05,App Store
CelcomDigi,Please ye celcom data cepat sangat habis padahal beli yg sebulan,2,2026-08-05,App Store
CelcomDigi,"Slow response, lagging, complicated",1,2026-08-05,App Store
CelcomDigi,"all these apps that keep asking for updates and then denied access because ur phone is “too old”, yet it showed “ur phone is compatible with this app” is proof that incompetent workers working for incompetent company who only care about eating more money against its competitors.",1,2026-08-05,App Store
CelcomDigi,Keep saying error when i tried to buy internet,1,2026-08-05,App Store
CelcomDigi,"app dah lah respon lembab,bingai digi ni pulak tak bagi cancel auto renew,bodoh punya digi",1,2026-08-05,App Store
CelcomDigi,Celcom know,1,2026-08-05,App Store
CelcomDigi,It’s disgusting how cheaper internet addons are silently removed,1,2026-08-04,App Store
CelcomDigi,please go down like Astro. people would be cheering for you for the very last time.,1,2026-08-04,App Store
CelcomDigi,"the staff gave so many excuses in order to delay my request to port out, currently i have settled my outstanding, if still give excuses, i shall report to MCMC/SKMM",2,2026-08-04,App Store
CelcomDigi,"The apps is so slow. To make payment very hassle. Keep updating, but alas no improvements.",1,2026-08-04,App Store
CelcomDigi,line lagi macam babi skrg lepas dengan digi ni..macam gampang beli yang 50 sebulan pun line macam sial..sumpah celcom makin teruk..tolong ehh perbaiki makin lama makin macam sial line kau ni,1,2026-08-04,App Store
CelcomDigi,line slow gila selalu okay je,1,2026-08-04,App Store
CelcomDigi,telecom paling teruk yang pernah aq pakau,1,2026-08-04,App Store
CelcomDigi,If you use auto renew you must settle the billing in order to donwload other app in appstore.but this new celcomdigi app is the worst cause you can turn off the auto renew sub.This corporate getting greedy nowday!you guys intentionaly make the error when i want to turn off the auto renew.GREEDY CORPORATE !!!,1,2026-08-04,App Store
CelcomDigi,Paling teruk dalam dunia,1,2026-08-04,App Store
CelcomDigi,Nice,5,2026-08-04,App Store
CelcomDigi,Good,3,2026-08-03,App Store
CelcomDigi,cam pantat,1,2026-08-03,App Store
CelcomDigi,Good,4,2026-08-03,App Store
CelcomDigi,"orang beli top up untuk beli internet, tpi apk tidak buka sebab internet tiada.. heyyyy macam mana orang mau beli internet kalau tidak bisa buka web beli internet nya",1,2026-08-03,App Store
CelcomDigi,"FAK PLS HEARD FROM YOUR USERS LA..IVE BEEN DOING MY ASSIGNMENT AND 
SUDDENLY LOST CONNECTION..ive been purchasing unlimited data",1,2026-08-03,App Store
CelcomDigi,Line slow,1,2026-08-03,App Store
CelcomDigi,Bodoh la yg create app ni. memanjang logout sendiri. nak secure apa,1,2026-08-03,App Store
CelcomDigi,low service and the apps not helpful. how come i can open the Apps meanwhile the celcomdigi network is super SLOW?,1,2026-08-03,App Store
CelcomDigi,One of the worst app ive used. My digi was so much better. This takes years to load even in 5g. The interface is very complex and not easy to navigate. Some of the plans doesnt even exist but its is in touch and go app,1,2026-08-03,App Store
CelcomDigi,"I always got a problem since the day this app published. I’ve to open so many times, deleted, installed it back then still can’t open it even i already escalated my issue to customer service team. Now after a few months, i can use it but need to try many times. Please improve your apps",2,2026-08-02,App Store
CelcomDigi,Why did you invent an app that DOES NOT WORK?,1,2026-08-02,App Store
CelcomDigi,Oii babi!! Ko mmg batak sgt duit ke?!! Org dah bayar pun line cam cibai!!,1,2026-08-02,App Store
CelcomDigi,very efficient,5,2026-08-02,App Store
CelcomDigi,"beli tenet bulanan macam bagi saja ja duit line teruk, apa benda pun susah buka, memang tk boleh go dh la digi sekrng",1,2026-08-02,App Store
CelcomDigi,"tolong la kembali ke harga asal, ataupun kurang kan GB je",1,2026-08-02,App Store
CelcomDigi,stupid slow steal my money,1,2026-08-02,App Store
CelcomDigi,good,5,2026-08-02,App Store
CelcomDigi,yen,1,2026-08-02,App Store
CelcomDigi,dulu sebelum gabung dengan digi line oke sejak bergabung dgn digi line macam taik kucing slow nak mampusssss memang bodoh orang kalau bergabung line jadi semakin laju kau bergabung line macammm takde hari esok memang slow gila gila tolong perbaiki lagi perkhimatan kau tu jangan menyusahkan kerja orang orang beli telco kau sebab dulu laju kalau line slow macam ni sapa jee nak pakai nombor kau memang terukkk haukkkkkkkk,1,2026-08-02,App Store
CelcomDigi,What is this digihell problem… Internet price i considered oke 14 Ringgit goes up to 16…. Really piss me off,1,2026-08-02,App Store
CelcomDigi,"Hello Digi,

I would like to make a complaint regarding your network service. Recently, the connection has been extremely poor. I can barely browse websites, use social media, or even load simple content. At first, I thought the problem was only on my side, but I found out that my colleagues are experiencing the same issue as well.

This has been affecting our daily communication and work, and it is becoming very frustrating. We are paying for a service that is not performing as expected.

Please investigate this issue as soon as possible and provide a solution. I hope the network quality can be improved immediately.

Thank you.",1,2026-08-02,App Store
CelcomDigi,Mantap,5,2026-08-02,App Store
CelcomDigi,"line paling barua dh topup 2 kali skali rm50 beli unlimited sebulan tapi line satu bar macam barua. sumpah tak payah beli celcom digi line mcm lanjiao, macam bodo",1,2026-08-01,App Store
CelcomDigi,Out of sudden my internet can’t use because out of quota but then without any notification and msg. How can I purchase more data when I out of internet. This is really brainless move.,1,2026-08-01,App Store
CelcomDigi,Need to develop this so suck I cant even add on internet,1,2026-08-01,App Store
CelcomDigi,The data shown in this app does not match the information provided by the CelcomDigi Center. Please review and update the records to ensure accuracy,1,2026-08-01,App Store
CelcomDigi,"Pathetic effort.
Where do I begin...
Slow API access. What b/width allocated for the api server?
No multiple accounts in a single payment? And so on...
The old one was better before the December update. Pathetic devs. Must be the DG element...",1,2026-08-01,App Store
CelcomDigi,"useless app,too much of bugs,why to login and link to gmail all the time?do improve",1,2026-08-01,App Store
CelcomDigi,Easy to use,5,2026-08-01,App Store
CelcomDigi,ကိုမေကိုလိုးservice,1,2026-08-01,App Store
CelcomDigi,transaksi berjaya,5,2026-08-01,App Store
CelcomDigi,"aku topup 30 pastu tiba ii dia tolak 25 beli apa bnede pastu hilang cam tu je ,cam ni bolehbreport kee sebb dah cam mencuri ni",1,2026-08-01,App Store
CelcomDigi,If possible can select 2 phone number and pay one time,4,2026-08-01,App Store
CelcomDigi,CelcomDigi.. I hate this latest app cause there's no my unlimited 1 day for Rm 1 .. it's was my emergency internet connection for me .. whatever I do I need that.. please read this and fix it! I will give more star if you fix this .. that was so important even that was only Rm 1 you know? Even if you out of your monthly internet.. there's emergency for me only even Rm 1 .. so please read this and fix!,1,2026-07-31,App Store
CelcomDigi,few things cant do in this apps,1,2026-07-31,App Store
CelcomDigi,Imagine having one of the worst developed app but you charge the most expensive in malaysia. If a competitor had same performance at even 10MYR less I would stop giving you money ASAP,1,2026-07-31,App Store
CelcomDigi,"scam, i topup rm35,fapi duit tk msuk pun, celcomdigi bodoh",2,2026-07-31,App Store
CelcomDigi,Macam bodo bayau 299 tapi line no service tunggu habis contract aku blah dari digi bangang ni,1,2026-07-31,App Store
CelcomDigi,"Compare with the old MyDigi app, this app is a tad bit slow. Once open took more than few seconds to display the balance info. Old mydigi app can immediately see, no delay2.",2,2026-07-31,App Store
CelcomDigi,Excellent,5,2026-07-31,App Store
CelcomDigi,"u guys should divorce..both of u making me sick , my data have to load for so long it making me irritated..please divorce babe divorce",1,2026-07-31,App Store
CelcomDigi,Very slow respon and lagging,1,2026-07-31,App Store
CelcomDigi,ur service damn suck ! fix ur damn service or utilities for a better version la !!,1,2026-07-31,App Store
CelcomDigi,"Hi. Most of the time for me, it’s very slow to load the page that I need, including for when I want to make payment whether or not I’m using wifi or data. Good enough that I dread paying. Sometimes it goes through sometimes it doesn’t. Also, before the app changed, I can easily help my elderly mother to pay or top up internet, now it’s just very difficult to do so. Sigh. Please make it a little easier to use.",3,2026-07-31,App Store
CelcomDigi,kasi bagus internet mu erok lag lag aku main pripeler,1,2026-07-31,App Store
CelcomDigi,"Just splendid, able to conclude very swiftly 👌",5,2026-07-31,App Store
CelcomDigi,"The latest update is a huge disappointment. The app is now slow, laggy, and frustrating to use. The previous version was much faster, smoother, and more reliable. Please fix the performance issues instead of making the app worse.",1,2026-07-31,App Store
CelcomDigi,Slowww,1,2026-07-31,App Store
Maxis,Hopefully improved your services and line much better than other telco,4,2026-09-23,App Store
Maxis,"Suddenly no internet on my maxis fibre,try call maxis for check status,but cant speak to their live agent,and give link for diagnosis(how the hell want to verify problem at maxis apps if wifi cant provide internet) already 10x reset router,ask chat gpt router seem normal. Im gonna terminated maxis today. Useless",1,2026-09-21,App Store
Maxis,Slow and always unable to access payment..,1,2026-09-17,App Store
Maxis,"bayar mahal, tak ckup time lagi call ,line still lembab everyday 🙄",1,2026-09-14,App Store
Maxis,"After upgraded to 1 Gbps, the apps can’t perform the WiFi diagnostic functions.  It gave error message and asked to contact customer service.  CS also unable to resolve this and saying it was apps issue.  Please fix this.",3,2026-09-01,App Store
Maxis,"I’m using Maxis Home Fibre 500Mbps, but almost every feature in the Maxis app cannot be used.

WiFi Settings, Router Settings, Connected Devices, Guest WiFi, WiFi Schedule and other features are there, but I’m unable to access or use them properly.

If these features are shown in the app, they should actually work. It’s very frustrating especially when I need to manage my home WiFi but cannot do anything through the app.

Please fix the app instead of adding more features that users cannot use.",1,2026-08-26,App Store
Maxis,Really bad experience,1,2026-08-14,App Store
Maxis,"Convenient for managing my mobile plan, checking usage, and paying bills. It makes it easier to keep track of my account.",5,2026-08-11,App Store
Maxis,Bayar mahal2 line macam taik bodoh maxis,1,2026-08-10,App Store
Maxis,But although sometimes it’s good but most of the time it’s just bad very bad pick another WiFi maxis please improve your system,1,2026-08-09,App Store
Maxis,Scammers service!,1,2026-07-30,App Store
Maxis,"Tolong la, dah report kt hq many time tapi line still sama lembab macam siput babi!",1,2026-07-27,App Store
Maxis,"The app is super poor and not able to raise issue about on the poor mobile network in my place or my current location, only showing network issue message. BUT not able to lodge report and track the report. No function or escalation field available for mobile network. Very disappointed.",1,2026-07-26,App Store
Maxis,Reliable app for managing my account and paying bills. The interface is user-friendly.,5,2026-07-18,App Store
Maxis,"Now I can’t even see videos or my messages…. Thanks to you…. Yeah I now realise ads cannot trust ..,",2,2026-07-02,App Store
Maxis,Home fiber berapa banyak kali nak takde internet berapa banyak kali nk kena call. Menyusahkan!!!,1,2026-06-23,App Store
Maxis,"so now i can't log in 
why?",1,2026-06-22,App Store
Maxis,"i paid 79 for every month, and i got 5mbps speed of internet. i will recommend people use maxis after this. 😏",1,2026-06-20,App Store
Maxis,"I can’t follow up my case id , it’s hard to follow up via calls and walk in",3,2026-06-18,App Store
Maxis,"This app is very user-friendly and easy to navigate. The features are helpful and work smoothly without many issues. I like how everything is well-organized, making it convenient to use daily. Overall, it’s a reliable app and I would definitely recommend it to others.",5,2026-06-13,App Store
Maxis,"Logs out all the time, sucks",1,2026-06-12,App Store
Maxis,"The Maxis app is genuinely useful.
Real-time data + quota tracking means no bill shock. Paying bills with FPX/e-wallet is instant and no extra fees. Buying Hotlink/Maxis Postpaid add-ons takes 3 taps. Hotlink Rewards and Maxis Rewards actually give good perks. Biometric login is secure + quick. App is stable and the usage breakdown is clear. Customer chat is there when you need it.",5,2026-06-07,App Store
Maxis,"Maxis offers strong network performance, excellent customer service, and a variety of flexible plans. A reliable telecommunications provider for everyday use.",5,2026-06-07,App Store
Maxis,"Maxis provides top-notch mobile service with excellent coverage and fast data speeds. I've been using Maxis for years, and I've always been impressed by the reliability, whether I'm in the city or traveling. The data plans are flexible and cater to different needs, and I especially appreciate the great customer service. The Maxis app is very convenient for managing my account, checking my usage, and paying bills easily. I also love the rewards and promotions they offer to loyal customers. Overall, Maxis offers exceptional service, great value, and fantastic customer support. Highly recommend it to anyone looking for a reliable mobile service",5,2026-06-02,App Store
Maxis,bayar beratus nk main game lag duduk bandar tpi line slow nk mampos mcm si*l,1,2026-06-01,App Store
Maxis,"Recently, maxis let me disappointed. Maxis data speed is very slow till one webpage also cannot load and also unstable. I am frustrated with this.",1,2026-06-01,App Store
Maxis,"This app is poorly designed. Difficult to use for any functional purposes. And has unnecessary Maxis Ads pop-ups. If were to redesign this App, I would put the Maxis Offers as a Carousel and not a disruptive pop-up.",2,2026-05-31,App Store
Maxis,"I have used Maxis for mobile services, and the connection is stable with good coverage.",5,2026-05-29,App Store
Maxis,"Pakai plan 109 , tapi still slow nak mampus , lebih kurang pkai yang 30 ringgit , bayar memang tak cantik , tapi bayar jugak tapi dah byar tetap slow , dah boleh tkaq plan lain kut , terima kasih",1,2026-05-14,App Store
Maxis,Could not login with my old password and changed new password and still can’t login.,1,2026-05-14,App Store
Maxis,Good,5,2026-05-14,App Store
Maxis,Great for checking data usage and paying bills instantly. Very convenient!,5,2026-05-13,App Store
Maxis,"Maxis is such a smooth and convenient apps to use. It's lightweight,
and I like how it uses less data and still works well",5,2026-05-13,App Store
Maxis,The best app for managing a smart home. I can check my Maxis Home Fiber health and manage my 5G Home WiFi settings all from the same app as my mobile line. The 'Network Checker' tool is actually useful for troubleshooting before I even have to call support. Super convenient for busy families!,5,2026-05-09,App Store
Maxis,"MyMaxis is easy to use and great for checking usage, paying bills, and managing your account 👍",5,2026-05-09,App Store
Maxis,"Maxis is a very reliable mobile service provider with strong coverage and stable internet connection. The service is fast, consistent, and suitable for both daily communication and data usage. Overall, a great telecom service and definitely deserves 5 stars!",5,2026-05-06,App Store
Maxis,Stable connection with good speed.,5,2026-05-06,App Store
Maxis,Maxis app provides great control over your account. Everything is easy to access.,5,2026-05-05,App Store
Maxis,Maxis helps me stay connected with strong mobile network and internet services. It makes communication and online access smooth and convenient wherever I go.,5,2026-05-05,App Store
Maxis,slow,1,2026-05-04,App Store
Maxis,Maxis offers fast and stable network service. It works well for daily communication. Highly recommended!,5,2026-04-30,App Store
Maxis,nak terminated line pon ambil masa…celaka,1,2026-04-28,App Store
Maxis,"Being using since forever. Easy to
Use and many
Discount on apps",5,2026-04-28,App Store
Maxis,Paid so expensive yet the line is so bad,1,2026-04-26,App Store
Maxis,nice,5,2026-04-24,App Store
Maxis,Maxis is solid for internet and calls 😭 The connection is strong and stable most of the time. Super convenient for daily use and easy to manage in the app!,5,2026-04-21,App Store
Maxis,best phone plan app,5,2026-04-21,App Store
Maxis,Unable to login via email. App will say login time have ended.,1,2026-04-19,App Store
Maxis,"Everytime i want to login,i cant do it because this apps keep sign me out..how i gonna pay the bil thru apps?",1,2026-04-18,App Store
Maxis,Bad developer .. Cannot log in .. Better delete this apps ..,2,2026-04-18,App Store
Maxis,"Maxis make it easy to check data usage, pay bills, and manage your account in one place. The layout is fairly simple and user friendly",5,2026-04-11,App Store
Maxis,Reliable service with a smooth app experience. Managing plans and payments is hassle-free.,5,2026-04-09,App Store
Maxis,hello can u explain？,2,2026-03-29,App Store
Maxis,Aku paling tak suka maxis ialah sbb suka sekat talian walaupun bill semua dh jelas dan belum due date bill pun...,1,2026-03-28,App Store
Maxis,Reliable service with a user-friendly app. Easy to pay bills and monitor usage anytime.,5,2026-03-28,App Store
Maxis,Aplikasi yg bagus dan hebat. Mudah digunakan dan sentiasa ditambah baik dengan ciri-ciri baharu. Sangat menikmati penggunaannya setiap hari!,5,2026-03-27,App Store
Maxis,"I have tried install and uninstall the app , I tried change my internet between wifi and mobile data but unfortunately the apps still wont reload . Keep saying error and so on . Please fix .",1,2026-03-27,App Store
Maxis,butooo,1,2026-03-26,App Store
Maxis,The new layout is amazing much easier to find what I need with fewer taps.,5,2026-03-16,App Store
Maxis,exllant covarage and fast dta speeds,5,2026-03-16,App Store
Maxis,good app,5,2026-03-15,App Store
Maxis,"Leading application and wow super easy to use. It offer variety of features from your fingertips.
Just name it.. From paying bills, until travelling to overseas it can be done self serve thru this App",5,2026-03-15,App Store
Maxis,"There is bug in the app, it show the shortcut details and the app just stop there, unable to proceed further and no next button to be clicked.",1,2026-03-14,App Store
Maxis,"Suddenly appeared as seassion timeout , when about to login the number stated as not found. When to signup using the same nimber it stated has already link with maxis account. The apps is broken suddenly timeout after almost 2 years using",1,2026-03-10,App Store
Maxis,Its has good functionality and features in this apps . But not stabilty . Slow and sluggish . Quite disappointed and unimagineable a big corps like maxis unable to develop a very smooth n optimized apps.,1,2026-03-09,App Store
Maxis,trash. no function.,1,2026-03-08,App Store
Maxis,Ko ingat cust call nk layan diri? Call untuk jawab wasap? Ke ivr? Apa bengap sgt,1,2026-03-08,App Store
Maxis,"Cannot download bill, wanna downgrade cannot go service center, must call care line, but care line no response",1,2026-03-07,App Store
Maxis,"loading pages take an hour nak loading, bodo punya apps",1,2026-03-06,App Store
Maxis,Maxis app makes it easy to manage mobile services and payments. Everything is organized clearly and works smoothly.,5,2026-03-04,App Store
Maxis,"Stupid and not user friendly at all  . Just wan to pay a bill , didn’t show up the option to key in the acc number . At the end need to use desktop only come out the column . If ur app not function well  don’t force user to install app to pay the payment !!!!",1,2026-03-03,App Store
Maxis,"Hi, I tried a few times to log in,but the login screen didnt appear. Kindly help",1,2026-02-26,App Store
Maxis,I don’t have any complaints about this telco and the internet speed is superb!,5,2026-02-21,App Store
Maxis,Irritating,1,2026-02-16,App Store
Maxis,"Asal maxis skrng slow sangat?? Menyesal pun ada sbb ambil maxis ne taikk nyaaa👎🏻👎🏻👎🏻👎🏻makin hari makin bangsat line maxis,,serisss mcm bodoh sialll",1,2026-02-16,App Store
Maxis,Brainless automatic directed to Hotlink instead of maxis.,1,2026-02-14,App Store
Maxis,"After the new update, i cannot sign in to my individual account and use this app.",2,2026-02-08,App Store
Maxis,Why Maxis now show only the balance data n hide the total ? Nonsense,1,2026-02-06,App Store
Maxis,"Please stop showing promotional pop-up ads when opening the Maxis app. I am not interested at all. I open the app to pay my bill, not to look at these nonsense promotions. Please stop. Apps are supposed to make life easier for users, not to annoy and frustrate your customers.!!",1,2026-02-04,App Store
Maxis,"when i tried to login, they want my tac but no matter how much i send tac, i still dont receive my tac and it makes me hard to check my data balance",1,2026-01-21,App Store
Maxis,Good application,5,2026-01-20,App Store
Maxis,"I went to the store to resolve my issue accessing my mobile account, but after two days, I was unable to complete the verification and log in to my account because the problem of system couldn't send me an verification email.",1,2026-01-20,App Store
Maxis,"Clean and informative app. Mudah urus akaun, semak usage dan pelan. Sangat praktikal untuk pelanggan Maxis.",5,2026-01-19,App Store
Maxis,tolong improve maxis balik eh… susah betul ah dua hari line takde,1,2026-01-17,App Store
Maxis,"My family is using maxis package both line and their home connection, we really love it",5,2026-01-15,App Store
Maxis,Line teruk app sampah. Nk report lain pun xleh. Aq pun xtau apa masalah depa alamat xdak dlm suggestions then xleh nk aubmit repot,1,2026-01-15,App Store
Maxis,Since day teleco very versatile and great deals!,5,2026-01-13,App Store
Maxis,Easy to pay phone bill and get data through this app,5,2026-01-12,App Store
Maxis,"Maxiss one of the best one !!! All in 1 access 
This is my second network pretty good so far ‘!!! Thanks maxis !!",5,2026-01-11,App Store
Maxis,good,5,2026-01-11,App Store
Maxis,Cimb click cannot pay bills,1,2026-01-10,App Store
Maxis,Consistent internet speed and strong network performance,5,2026-01-10,App Store
Maxis,Maxis offer strong signal and fast internet speed,5,2026-01-10,App Store
Maxis,Aplikasi telco yang kemas dan stabil. Urusan akaun jadi lebih mudah.,5,2026-01-07,App Store
Maxis,I use the Maxis app to check my data usage and pay bills. The app is convenient and works smoothly.,5,2026-01-06,App Store
Maxis,Good app to manage account and services. User-friendly.,5,2026-01-05,App Store
Maxis,"Convenient for checking balance, data usage, and paying bills.",5,2026-01-04,App Store
Maxis,Easy to use and understand 👍,5,2025-12-30,App Store
Maxis,Smooth app experience for managing my home fiber and mobile plans together.,5,2025-12-29,App Store
Maxis,Unable to find the live agent support if meet any problems,1,2025-12-25,App Store
Maxis,Good network coverage and stable connection. The app is easy to use and very convenient.,5,2025-12-21,App Store
Maxis,Apps are really. Keep on logging me out and now not even can sign in with all correct name and password. How to make payment?,1,2025-12-20,App Store
Maxis,"whats wrong with ur system. I tried phone number kenot, i tried email kenot what else then siak? wasting my time if there is 0 star i would give em.",1,2025-12-20,App Store
Maxis,Slow. Expensive like hell.,1,2025-12-20,App Store
Maxis,Stable network and good app experience. Easy to monitor usage and manage subscriptions.,5,2025-12-20,App Store
Maxis,Maxis provides a well-designed app for managing mobile plans and services. The app works smoothly and provides accurate information,5,2025-12-18,App Store
Maxis,Clean app with good account management tools.,5,2025-12-17,App Store
Maxis,"Maxis truk , tk bayar brapa bulan je last tertnggak haritu pun tk smpai 400 lebih . Aku ni tk kerja jdi aku bayar skit2 pun still kena penalty and terminate tiba2. Charge penalty je 1500 smua nk kena bayar 1970 .. agak2 la maxis mau makan orang smpai mcam ni sekali, sumpah aku cakap aku menyesal",1,2025-12-15,App Store
Maxis,I love to use this apps because easy to use check my data balance and purchase,5,2025-12-14,App Store
Maxis,"tolong update, nak bayar guna Online Banking tak boleh.  - Iphone 14pm",1,2025-12-10,App Store
Maxis,"Excellent network coverage nationwide, including rural areas..Fast and reliable 4G and 5G connectivity",5,2025-12-07,App Store
Maxis,"Last month I’m facing difficulty to pay Maxis Bill via Maxis apps using Bank Islam account. Eventually I managed to pay my bill either thru Bank Islam or CIMB account on 24 Dec 2024. After my account being deducted I return back to Maxis apps and the interface keep hanging and accidentally return back to home page which still showing outstanding amount. Today I received email notification indicate nonpayment being made and when I tracked back to both my account seems like no payment being made. Pls enlighten me regarding discrepancy on my account.

6 Dec 2025

Already paid on 21 Nov 2025. But why not reflected in apps?",2,2025-12-07,App Store
Maxis,Poor services,1,2025-12-05,App Store
Maxis,Keep asking me login again,2,2025-12-04,App Store
Maxis,The apps was smooth and so helpful!,5,2025-12-03,App Store
Maxis,"The premium choice for speed and reliability. Excellent network coverage and fast data. The MyMaxis app is comprehensive for managing plans, family lines, and getting top-notch customer support.",5,2025-12-01,App Store
Maxis,线上客服太烂了，打了那么久没人接听电话一个大公司一个客服都安排不了？,1,2025-11-28,App Store
Maxis,Few times failed transactions. Waste lots of time,1,2025-11-27,App Store
Maxis,highly recommended,5,2025-11-24,App Store
Maxis,"Got updated and the instruction got no NEXT and it got stuck, dont bother calling sure spend 1/2 hrs",1,2025-11-23,App Store
Maxis,This app smooth performance and clean design. Highly recommend!,5,2025-11-20,App Store
Maxis,bot was stupid，my wifi down today and i ask for help.  the stupid bot cant answer my question……… deal 123 no ppl answer…..,1,2025-11-17,App Store
Maxis,Wake up Maxis team..fix your network!!!,1,2025-11-13,App Store
Maxis,"The worst!!! Every time the line has issues, they’re still advertising unlimited internet with 5G. Total nonsense for the price I’m paying. Smh",1,2025-11-11,App Store
Maxis,"We pay you some stupid amount of cash, just for your services. But your services has made me as a customer for years now really dissapointed. You kept having us dealing with your problem. Are we the problem solvers? Did you pay us? Damn.",1,2025-11-08,App Store
Maxis,Worst internet in Malaysia,1,2025-11-05,App Store
Maxis,anything u want to do just only in apps cause very good service,5,2025-10-31,App Store
Maxis,as a user bout 13 years.For u guys： in future，dont use Maxis.Super Worst & Bad & Slow & haizzzzzzzzzzz,1,2025-10-30,App Store
Maxis,"The Maxis app is really easy to use and helps me manage my account anytime. I can check my data, pay bills, and reload quickly without any problems. It’s fast, reliable, and very convenient. A must-have app for all Maxis users! 💚📱",5,2025-10-30,App Store
Maxis,"Hi, I’ve been facing very poor coverage, even in the middle of Kuala Lumpur. I’ve reported this several times but the issue still hasn’t been fixed. It’s quite disappointing payment reminders come fast, but service improvement is still lacking. I’m seriously considering downgrading my plan or changing to another telco",1,2025-10-29,App Store
Maxis,"It has login issues, does not display links. I deleted and downloaded again and now it won’t even go past the login page. Bring back the old one",1,2025-10-28,App Store
Maxis,VERY GOOD,5,2025-10-25,App Store
Maxis,phone line no coverage… slow internet browsing… low class service.,1,2025-10-25,App Store
Maxis,line bayar mahal tapi teruk,1,2025-10-24,App Store
Maxis,"all in one! best internet, wifi, and roaming!",5,2025-10-24,App Store
Maxis,"I would like to lodge a complaint regarding the poor service I have experienced from Maxis.

For the past few weeks, my mobile data and WiFi connection at home have not been working properly. I am unable to go online or make calls, which has caused me a lot of inconvenience.

Today, even when I was at my office, I still could not make any calls or use the internet. When I tried to contact Maxis using another person’s phone, the call kept looping at the dial page, asking me to go to WhatsApp for assistance, and then repeating the same message again.

After many attempts, I finally managed to reach Maxis customer service through WhatsApp. The agent, Priya, kept repeating the same automated message and asking me to click a link to file a complaint. I informed her that the link could not be accessed, but she continued to send the same message repeatedly, without providing any real solution.

This experience shows a lack of proper customer service and technical support from Maxis. I am very disappointed as their service quality has dropped significantly over the years. 

One words: VERY BAD EXPERIENCE",1,2025-10-23,App Store
Maxis,Excellent connectivity and good customer service. Easy to manage account through the app.,5,2025-10-22,App Store
Maxis,Hampir nak buta mata aku bukak App di dalam gelap. Buat la fungsi mod gelap. Sebelum tidur aku bukak takde la pecah bijik mata akooo,3,2025-10-21,App Store
Maxis,"Not helping. It doesn’t have an ‘other/operator’ section when it is clearly the customer problem is not within the list. 
It is frustrating.",1,2025-10-21,App Store
Maxis,"Line internet so slow, already make a complaint but more worsening till now..need to refresh all the time to get the internet.Also when using self services, i give up waiting for tac.So disappointed!!helpless..",1,2025-10-21,App Store
Maxis,I use the Maxis app to track my bills and data usage. It’s organized and updates quickly. The reward section is a nice bonus too.,5,2025-10-20,App Store
Maxis,"no line at all, i have no idea why those people keep on saying that strong line coverage. it had been happen for a super long time",1,2025-10-19,App Store
Maxis,Buying insurance with Maxis is a waste of money! Not recommended! I bought it and it's not covered.,1,2025-10-15,App Store
Maxis,User-friendly and fast. I can top up and manage my plan easily without going to the store.,5,2025-10-14,App Store
Maxis,Good customer support and stable network connection everywhere.,5,2025-10-12,App Store
Maxis,Stable network and easy top-up through the app.,5,2025-10-12,App Store
Maxis,Telco ni menipu . Takda notice apa tau2 suspend number aku. Pastu kita kena tanya kenapa suspend. Diorg takkan bgtau selagi kita tak contact diorg. Cek2 dia kata terlibat dgn scam. Main sebat ja ni pstu suruh tunjuk bukti takjawab pastu suruh aku contact SKMM. bila contact SKMM dia suruh contact maxis balik sbb maxis yg suspend bukan SKMM.. dah seminggu kena suspend tanpa ada reason yg kukuh.. bila tnya dia akan jawab dalam process .. kau makan la duit haram tu,1,2025-10-12,App Store
Maxis,the best app ever !,5,2025-10-10,App Store
Maxis,Good and excellent service,5,2025-10-03,App Store
Maxis,Reliable app to use,5,2025-10-01,App Store
Maxis,Line slow gila padahal ambik pakej unlimited,1,2025-09-26,App Store
Maxis,"The Maxis app is a highly reliable tool that helps me manage my mobile account and services without hassle. I can quickly view my balance, track data usage, and pay bills anytime, anywhere. I appreciate the app’s smooth performance and clear design, which make everything easy to access. The exclusive deals and add-on options also enhance the overall experience. For convenience and great functionality, the Maxis app is a definite five-star app.",5,2025-09-26,App Store
Maxis,Please look after .. why Maxis line in this area its really slow like snail.. please do something ????,2,2025-09-26,App Store
Maxis,"Bukak lah handphone saye tu,lame dah tak di bukak,note nye kalau dah di bukak open automatic tapi belum di bukak juga,dah di bayar pun tak di bukak,piker lah 25ringgit pun dah di bayar tak nak bukak jugak",1,2025-09-24,App Store
Maxis,Good network coverage in many areas.,5,2025-09-23,App Store
Maxis,"One of Maxis’ key strengths is its quality service and customer support, ensuring users have a smooth and dependable experience. Maxis also offers value-added services, digital solutions, and apps that help customers manage accounts, pay bills, and track usage easily.",5,2025-09-20,App Store
Maxis,"Maxis is reliable with strong coverage, and the app is smooth to use. I do hope they bring more deals and rewards for loyal users, but overall the experience is excellent.",5,2025-09-19,App Store
Maxis,Line maxis is veryy niceee❤️😍❤️😍❤️😍,5,2025-09-18,App Store
Maxis,Maxis is reliable with strong network coverage and fast internet speed. Premium quality service.,5,2025-09-14,App Store
Maxis,app so slow and dissapointed,1,2025-09-13,App Store
Maxis,line slow macam cipek,1,2025-09-12,App Store
Maxis,I’ve been using my phone number to login an check my data usage and idk why it doesn’t let me login and it said use selfpaid or business. Then i tried to register with email then after I clicked the link in my email to verify my email then i try to login with email and it said unauthorized…..,1,2025-09-11,App Store
Maxis,New version new disaster. Poor upgrade,1,2025-09-11,App Store
Maxis,Very interesting application to use,5,2025-09-09,App Store
Maxis,"Super easy to use! I can check my data, pay bills, and manage everything in one place. Very convenient and reliable. love the Maxis app!",5,2025-09-08,App Store
Maxis,"Easy for me to check my internet, topup. Lovee so much",5,2025-09-05,App Store
Maxis,Jangan penah guna bill. Nnti ad org call upgrade plan tawar harga sama tk psl ii nnti kena bayar lebih. Ak dh kena,1,2025-09-04,App Store
Maxis,The app lags and worse than before. What’s the point?,2,2025-09-04,App Store
Maxis,Among all Telco.. I choose Maxis.. TQ,5,2025-09-04,App Store
Maxis,After update,1,2025-09-02,App Store
Maxis,The upgrade doesn’t work for me. The screen darken,1,2025-09-02,App Store
Maxis,Bkn menyenangkan malahan menyusahkan. Bila telan terus terus terus blank n lambat sgt,1,2025-09-02,App Store
Maxis,"When you tell me it is an all-in-1 Maxis App, your upgraded version of 9.1 couldn’t allow me to access through all the settings and details of all the apps mobile lines I have with you. I have 4 lines and you let me access only 1 supplementary line? It was okay before this, the more you upgrade the worse. Which stupid app development company you use? And please, your FAQs showing of guidelines of old app, your live chat? Let me chat with the stupid bot with that preset menu forever but never get to talk to the live agent. That’s live chat?",1,2025-08-31,App Store
Maxis,Pls fix,1,2025-08-31,App Store
Maxis,As title said,5,2025-08-27,App Store
Maxis,Unable to open the app after update,1,2025-08-25,App Store
Maxis,using account email cannot access the apps in iphone.,1,2025-08-24,App Store
Maxis,Macam mana nak on/off timer untuk fibre. Lepas kemaskini apps terus tak boleh. 👎👎👎,1,2025-08-23,App Store
Maxis,"With the only option suggested by their website, international roaming package can be subscribed using this Maxis app. But unfortunately, the app would not load properly on my iphone 14",1,2025-08-20,App Store
Maxis,Great place to manage my data and deal roaming,5,2025-08-20,App Store
Maxis,"Easy to manage mobile plans, bills, and top-ups in one app.",5,2025-08-19,App Store
Maxis,The new interface is harder to navigate. The “Home” button is unresponsive. Please do not change an effective app because your developers have changed.,3,2025-08-16,App Store
Maxis,Efficient,5,2025-08-12,App Store
Maxis,"Maxis provides fast, stable, and reliable network coverage. The internet speed is excellent, calls are always clear, and the customer service is responsive and helpful. I also love the convenient self-service features in the app. A top choice for seamless connectivity!",5,2025-08-10,App Store
Maxis,Maxis has fast internet and good service coverage! 👍,5,2025-08-10,App Store
Maxis,"provide excellent mobile service! now got many cheap plan, convinient for people! high coverage internet",5,2025-08-09,App Store
Maxis,没有中文系统,1,2025-08-07,App Store
Maxis,"I’ve been using the Maxis app for a while now, and overall, it’s been a helpful tool for managing my mobile and broadband services.",5,2025-08-07,App Store
Maxis,Maxis is a good network for making a call wit friends & family,5,2025-07-30,App Store
Maxis,"Maxis app is fast, clean, and practical. It makes managing your mobile plan a breeze, with real-time updates, easy recharges, and exclusive offers.",5,2025-07-27,App Store
Maxis,Maxis is reliable with great internet speed and services.”,5,2025-07-26,App Store
Maxis,"Reliable and feature-packed! Manage data, bills, and rewards seamlessly. Hotlink perks are great. Excellent app for Maxis users.",5,2025-07-24,App Store
Maxis,Fast and convenient app for users.,5,2025-07-22,App Store
Maxis,Almost a month now but still the coverage and line doesnt improve. stay in kuching city sarawak but how come ah the line is very bad. I paid the expensive bill just for the service to be like this??? huh? already applying for change to other telco. goodbye maxis,1,2025-07-20,App Store
Maxis,"If your internet problem, after 4 days their will come to you. Poor system not recommend",1,2025-07-19,App Store
Maxis,"Once you get to this line , it’s very hard to / complicate to port out to others telco ..",1,2025-07-18,App Store
Maxis,"Every two months, Maxis Fibre seems to have network issues! this is really difficult for us who work entirely online. It’s extremely frustrating to deal with such recurring problems.
We rely on stable internet to get our work done, and it’s disappointing that the service continues to be unreliable. Waiting for the contract to end feels exhausting given the ongoing poor service quality.
Please address this seriously.",1,2025-07-14,App Store
Maxis,"Maxis offers a sleek, feature-rich app that earned the iF Design Award 2024 for its excellent user experience—making prepaid/postpaid management, bill payments, Wi‑Fi control, rewards, and roaming easy to navigate",5,2025-07-04,App Store
Maxis,"telco prepaid or bills,that give widely coverage,data usage tracking, add-on purchases, and self-help support, easy to used🥰",5,2025-07-02,App Store
Maxis,"worst application for ordering, i have made full payment and ready to collect in store suddenly order cancelled without reason on maxis apps aside no record from maxis center to check as well. call Cs been push back and forth between bank and maxis.",1,2025-07-02,App Store
Maxis,"The MyMaxis app is useful for managing your mobile account. I use it to check my data balance, pay bills, and subscribe to internet passes",5,2025-06-25,App Store
Maxis,"I’ve been a Maxis user for quite some time, and I’m really impressed with their consistently strong network coverage and fast internet speeds. Whether I’m in the city or traveling to more rural areas, I rarely experience dropped calls or slow data, which is essential for both work and leisure.",5,2025-06-24,App Store
Maxis,"This app is super helpful for keeping track of usage, paying bills, and redeeming rewards. Very clean and user-friendly.",5,2025-06-24,App Store
Maxis,Good customer service and fast internet speed. App is smooth and lets me top up quickly.,5,2025-06-22,App Store
Maxis,pakai bil 79 tapi cas sampai dekat 90 ape mende bile nak tukar plan lain mcm mcm alasan bagi sbb taknak bagi tukar plan,1,2025-06-20,App Store
Maxis,Solid coverage and competitive mobile/data plans in Malaysia.,5,2025-06-20,App Store
Maxis,"Can i make a Suggestion?I Really Hope Admin Can Hear What I am Saying,Can Make Apps Dark Mode At Background?,So Easy To See If Make Dark Mode At Apps..",4,2025-06-15,App Store
Maxis,Duduk tengah bandar tapi line slow cam siput. Kalau balik rumah lagi slow. Sampai takda connection. Cam bodoh,1,2025-06-13,App Store
Maxis,Excellent mobile service provider. Stable connection and the app is great for checking usage and reloading.,5,2025-06-12,App Store
Maxis,App runs well for bill payments and usage tracking. Very helpful!,5,2025-06-11,App Store
Maxis,用着用着可以断网的,1,2025-06-09,App Store
Maxis,Sounds so fancy but this feature does not work! What a lousy app!,1,2025-06-08,App Store
Maxis,Very easy for pay slip but new plans 🫶🏼,5,2025-06-05,App Store
Maxis,Easy to make an payment is app no need to rush for main shop,5,2025-06-04,App Store
Maxis,"Allow to made reports but unable to select or type location, so what’s the purpose of having the report things? Might as well just dump it the fuction",1,2025-06-03,App Store
Maxis,"Maxis is a top-tier telco in Malaysia known for its strong network coverage, fast internet speeds, and reliable service. It offers a wide range of plans, great customer support, and a seamless digital experience through its app. Perfect for users who value quality and connectivity.",5,2025-05-29,App Store
Maxis,"Maxis is one of Malaysia’s top telecommunications providers, offering comprehensive mobile, broadband, and digital services with a strong focus on network quality and customer experience. Known for its wide coverage and reliable 4G LTE speeds, Maxis continues to expand its 5G services to meet growing demand.",5,2025-05-28,App Store
Maxis,"Fast internet, great coverage. Top service!",5,2025-05-19,App Store
Maxis,"As a customer, the Maxis app is quite convenient for managing mobile accounts. It lets you view your balance, check internet usage, pay bills, and top up prepaid credit without needing to go to a store. The design is clean, and most features are easy to find. However, sometimes the app can be a bit slow or log you out unexpectedly. The rewards section is a nice bonus, offering discounts and vouchers. Overall, it’s a helpful app for daily use, but it could improve with faster loading times and more stable performance",5,2025-05-17,App Store
Maxis,It's easy to use.,5,2025-05-17,App Store
Maxis,"Maxis provides top-notch mobile service with excellent coverage and fast data speeds. I've been using Maxis for years, and l've always been impressed by the reliability, whether I'm in the city or traveling. The data plans are flexible and cater to different needs, and I especially appreciate the great customer service. The Maxis app is very convenient for managing my account, checking my usage, and paying bills easily. I also love the rewards and promotions they offer to loyal customers. Overall, Maxis offers exceptional service, great value, and fantastic customer support. Highly recommend it to anyone looking for a reliable mobile service provided 🔥🔥🔥🔥",5,2025-05-17,App Store
Maxis,"maxis provides strong coverage and fast internet speeds, especially in urban areas. Streaming and browsing are smooth, and calls are very clear",5,2025-05-15,App Store
Maxis,Cannot access even after successful tac code login,1,2025-05-14,App Store
Maxis,"Reliable app for account management, top-ups, and data tracking. Clean interface and fast support.",5,2025-05-06,App Store
Maxis,Fast telco app in navigation and convenience.,5,2025-05-04,App Store
Maxis,"Extremely disappointed with this broadband SIM service. The internet is painfully slow, disconnects frequently, and customer support is unresponsive. Definitely not worth the money…. worst experience ever with a so-called ""broadband"" provider.",1,2025-05-02,App Store
Maxis,User experience on the app is pretty poor. I get notifications to action on items; such as points. When I tap on that notification it just take me to the app. And trying to find the non-existent points is annoying. Don’t tell me to redeem if you have no intention to let your user redeem.,2,2025-04-30,App Store
Maxis,can access many item in this app,5,2025-04-29,App Store
Maxis,Latest version update bila login tak dapat nombor tac,5,2025-04-24,App Store
Maxis,best maxxis app..all in one,5,2025-04-24,App Store
Maxis,"Unable to login even after reupdate my device iOS and the apps itself, its almost a month since I realized been logged out",1,2025-04-23,App Store
Maxis,Not up to expectation and often down. Just waiting for service providers to be allowed to provide their service in our area.,1,2025-04-20,App Store
Maxis,Maxis has a great and user-friendly interface with amazing features. It runs smoothly and easy to use navigation. The overall experience is amazing and a top-notch app that caters to the user’s needs.,5,2025-04-16,App Store
Maxis,Good,5,2025-04-16,App Store
Maxis,"Strong network and stable internet. I rarely ever face issues, which is a huge plus.",5,2025-04-16,App Store
Maxis,"Maintain all-round contact through Malaysia's leading 4G and 5G network providers. Keep in touch anytime and anywhere through Mingxun post-payment, broadband, home optical fiber, telephone support, etc. Learn more",5,2025-04-13,App Store
Maxis,After payment made still shows the current due amount as if i havent pay. Your server is really that slow or what?,1,2025-04-11,App Store
Maxis,"Internet very fast 
Have many plan that can choose",5,2025-04-11,App Store
Maxis,"I’ve been using Maxis for years. Paying them RM700+ every month, buy their plan on devices as well. I felt regret to be part of them, they have been given very bad experience to me from time to time. Internet coverage is limited, very slow internet, expansive & high payment, buying their devices is totally not worth it! They plan to give more to new user & want to go further on new stuff but they couldn’t stabilise their basics, who suffers in the end? THE OLD USER. How untrustworthy of Maxis! If you felt the same as i do, so i think it is time for you and I to change into other telecommunication services.",1,2025-04-06,App Store
Maxis,5G速度快，信号稳定，客户服务好，绝对是马来西亚最好的电信运营商之一！,5,2025-04-01,App Store
Maxis,"Out of everything, this app have problem sending me my TAC for me to login lol the irony",1,2025-03-29,App Store
Maxis,Took them 1 hour to suggest (Not providing a solution) to OTP issues (I can’t receive it via my email and my HP is linked to my Hotlink acc). Till now it’s still not resolved.,1,2025-03-25,App Store
Maxis,The updated version is not working,1,2025-03-25,App Store
Maxis,"Hi Maxis 

Maxis is recognized for its extensive coverage and services, customer feedback highlights areas needing improvement, particularly in customer service and billing processes. Employee reviews suggest a moderately positive work environment, though there’s room for enhancement. Anyway there are useful .",5,2025-03-21,App Store
Maxis,"Due date saya 4hb setiap bulan, dan saya akan bayar sekitar 25hb tiap bulan selepas gaji, tetiba hari ni 22hb line saya barred tanpa sebab dan agen maxis bg alasan sbb melebih had credit? Bil saya RM419 dan had credit saya RM450, dimana melebihi had credit? Saya akan report pd MCMC sbb maxis tak cekap dan sepanjang saya menggunakan line maxis, saya tak pernah bayar lewat dr due date iaitu selepas 4hb.. dan saya tak pernah ada rekod tertunggak... maaf saya agak kesal dan saya bg rating 1 sbb kecuaian pihak maxis dalam perkhidmatan dan saya tetap akan report MCMC",1,2025-03-21,App Store
Maxis,When I use Maxis line I feel like I am in a third world country. Slow like not running,1,2025-03-14,App Store
Maxis,"Maxis bangang. Banyak caj tersembunyi. Company bodoh. Relocate wifi sampai rm300, wifi lain free. Bodoh",1,2025-03-14,App Store
Maxis,"Easy to use, access and check data. Happy to notice the new changes in our data plan to accommodate for our daily usage and be amongst the competitor in the market. Although maxis is still the most expensive amongst the market, but if there isn't any issues in terms of the line and customer service, then there is no reason for a change. If there is a lucky draw or some sort, which might reward your customers with freebies such as movie tickets, etc, it would be great.
Maxis provides a reliable and fast mobile network, and its app
makes account management effortless. Users can track their
data, pay bills, and subscribe to new plans with ease. The
interface is intuitive and user-friendly. It also offers exclusive
perks for subscribers.",5,2025-03-12,App Store
Maxis,"I bought a plan and it says RM35 for 30 days, next time differentiate the sentences properly, make it easy for people to understand how to use the plan, when choosing there is no problem, I changed from Celcom to Maxis because it's just a line, but I swear I'm getting more and more annoyed with Maxis than Celcom, I bought it with money to get my license because I can't work anymore, I swear I'm heartbroken, my RM35 just disappeared like that. Give me my money back if you can't give me internet, you idiot!",1,2025-03-10,App Store
Maxis,A telecom app for Maxis users to track usage and manage plans. It's convenient but could use more feature updates.,5,2025-03-05,App Store
Maxis,"Maxis is the most easist phones apps to use , they provied monthly discount for your insternet , good apps to use !",5,2025-02-25,App Store
Maxis,Slow and not effective,1,2025-02-21,App Store
Maxis,"Dah banyak kali dah butang pay ni buat hal, dah berbulan

Beriya suruh orang bayar bila nak bayar buat hal macam ni

Tolong ya development team vendor do something about ni",1,2025-02-20,App Store
Maxis,"Maxis The best app for communication. 
Is so incredible platform . I absolutely love and user friendly. This could be the most useful function at this moment. Haven’t had any problems 

Thank you",5,2025-02-20,App Store
Maxis,"ve been using the Maxis app for a while, and it has been nothing but frustrating. The app is ridiculously slow, often taking forever to load or not loading at all. Despite having full signal strength (5 bars), I constantly get a ""connection error"" message, making it impossible to check my account details or make payments.

For an app from a major telco, I expected much better performance. The user experience is terrible, and it feels like the app isn't optimized at all. Maxis seriously needs to fix this issue because it's unacceptable for a service provider that claims to offer ""seamless connectivity.""

1/5 ⭐ – Only because I can't rate it lower.",1,2025-02-18,App Store
Maxis,I have use this apps since 2015 and now my husband also use it,5,2025-02-17,App Store
Maxis,good performance for this apps !,5,2025-02-11,App Store
Maxis,Slow speed . Not stable .,1,2025-02-06,App Store
Maxis,"maxis tak macam dulu vaucer dia, aku baru kena. claim vaucer pastu kena bayar dalam bill sedangkan belum tebus dekat kedai lagi vaucernya…",1,2025-01-23,App Store
Maxis,"This month I have bought internet 2 times, I bought internet that is 3Mbps or 4Mbps but I think it is 512Kbps, it has not been 4Mbps even in a month, it is enough just once to feel like a lifetime then I don't feel like I have maxis internet",1,2025-01-17,App Store
Maxis,useless,1,2024-12-30,App Store
Maxis,"I have checked every notification in the app and even reinstalled the app, it still showing me that I have 1 Notification. What is going on????????",1,2024-12-27,App Store
Maxis,Beli fon dalam maxis ni. Ckp sekali gan give. Tp give nya tak ada. Nak menipu tu agak2 lah. Pulang balik fon tuu senang,1,2024-12-21,App Store
Maxis,"I’ve been using maxis ever since I got my first smartphone and let me tell you, it is very slow. I moved in to my new house a while back and my family haven’t bought the wifi yet so we all had to use our own data. In my household, I’m the only one who uses Maxis. Out of everyone in my household, I was the only one with a slow internet so I knew that it’s not the signal in the housing area. Not only that, the roaming is actually so bad. There’s this “daily high speed data limit” which INCREDIBLY gets on my nerve every time I go overseas. Even when I didn’t use my data often, it would still limits my data! After I get that message, my data would be damn slow, up to a point where my text didn’t even go through. I can’t even use maps for navigational purposes! I had to pay 69 ringgit for 7 DAYS just to get this type of service?! I know that this is only a Maxis problem because none of my friends (who doesn’t use Maxis) had this exact problem and heck, they used their phones even more than me. 

To sum it up, I think there’s better options out there other than Maxis. It’s just not as good as it used to be anymore.",1,2024-12-21,App Store
Maxis,oi babi line slow macam pantat bodo kau,1,2024-12-16,App Store
Maxis,maxis customer service is the worst !!,1,2024-12-14,App Store
Maxis,Camera cant focus to identify card verification,4,2024-12-13,App Store
Maxis,"I am experiencing ongoing issues with my internet connection, as the line has been unstable and frequently disconnects. This is now my third formal complaint regarding this matter. Additionally, I've noticed that my television struggles to connect to the 5GHz network, even when the router is nearby. I kindly request an upgrade to the system to resolve these connectivity issues. Thank you for your attention to this matter.",1,2024-12-10,App Store
Maxis,不明白一家网络公司是怎么可以在21世纪把网络做的那么差的，每到晚上十点之后就开始网卡，真的不明白，到某些地区还可以直接断网，又不是荒郊野岭也不是海中央，为什么会断网叻？真的搞不懂,1,2024-12-09,App Store
Maxis,dapat call dari maxis kata bagi simkadfree.dah tu last2 kena bayar jugak ujung bulan.atleast tanya dulu kita nak ke xnak benda tu.jgn main suka2 nak bagi sim pastu suruh bayar tiap bulan.keja tu guna otak sikit jgn desperate sangat smpai nak scam customer.tuhan tgk ko buat kja.org bagi ko gaji tiap bulan buat kja elok2 la oii.,1,2024-12-04,App Store
Maxis,"If you terminate them, they will do anything to delay the process of your termination.",1,2024-12-02,App Store
Maxis,internet slow but pricey,1,2024-11-26,App Store
Maxis,.,1,2024-11-12,App Store
Maxis,"told me to call customer service, been call every day no one pickup and hang up the call. 
They seem to not allow user to terminate.",1,2024-11-04,App Store
Maxis,"Dear Maxis Support Team, 

 I’m writing to request assistance in unlocking my device and to address an issue with your app. Earlier this month, I was unable to make a payment through the Maxis app. As I have a busy schedule, I don’t often have the time to visit a Maxis center in person. 

 Could you please look into these issues and let me know once they are resolved? 

 Thank you very much. 
 Best regards,",1,2024-10-31,App Store
Maxis,line mcm cibaii slow,1,2024-10-25,App Store
Maxis,Can’t enter apps login failed.,1,2024-10-24,App Store
Maxis,cannot log in 😡,1,2024-10-24,App Store
Maxis,Bodoh internet slow macam babi,1,2024-10-23,App Store
Maxis,maxis你的5G能用吗？走不上走不上。,5,2024-10-15,App Store
Maxis,benda bayar mahal-mahal dekat 200/300 sebulan line lembab cam sial bodo macam anak sial bukannya tak bayau aku bayau la babi bukan baru je jadi dari dulu lagi dari aku pakai prepaid sampai tukar ke postpaid ingatkan ada lah perubahan sekali sama je lembab macam babi tat tol dah caj mahal kasi lah line cantik sikit ni tidak cantikkan rumah kereta dia aje nak improve line nya tidak babi,1,2024-10-07,App Store
Maxis,"line macam babi lembab , pantek betul!",1,2024-09-27,App Store
Maxis,"I ordered sim card from maxis in 18/9/2024 yet untill now I still did not recieved my order. I checked the tracking it shown; 20/9/24 Delivery attempt failed, 23/9/24 Delivery attempt failed and today still 25/924 Delivery attempt failed. 

It shows delivery is on the way and delivery attempt failed at the same time as per checked. Thus is so disappointed!. Worse experience!",1,2024-09-24,App Store
Maxis,It will be better if have dark mode enable,4,2024-09-21,App Store
Maxis,I always use the Maxis app but I am annoyed by the notification badge that just won’t go away despite all pending messages and notifications have been read. Please review & fix this issue. Notification badge is only meant for unread or pending messages.,3,2024-09-21,App Store
Maxis,"How to login to maxis again because when im at the verification it send me the code I accidentally press close and when I want to login again it say ""The mobile number is still pending verification.""",3,2024-09-19,App Store
Maxis,"New design not nice.
Also the sms sent out for missed calls are masked. Cannot return call to caller..
Not practical..",2,2024-09-13,App Store
Maxis,"Why no one called me for any changes. I have been using maxis for so many donkey years and only a girl from the service centre at OUG informed me to make changes.  

Your reception on maxis fiber is bad too!",2,2024-09-06,App Store
Maxis,this app is not real able at all…can’t use for anthing n stuck at same page…don’t know what is the function of this app,1,2024-08-30,App Store
Maxis,ada ada seja kmu orh line adjust dlu lah orng sda juga membayar line bgitu juga hasil?,1,2024-08-29,App Store
Maxis,"Lately im not able to use manage home wifi features as i use to. Like i cant test my wifi. It always stuck internet part and saying that it unable to test my wifi. Im also unable to set the reboot schedule for my router.

Please help me",1,2024-08-16,App Store
Maxis,"Maxis advertised as providing 4g or 5g roaming experience, after I subscribed only get 3G. Nice scam

And I wasn’t able to click to pay the bill in the apps, another nice feature",1,2024-08-12,App Store
Maxis,I can’t buy roaming pass using the app. And the helpline was useless n can’t help me,1,2024-08-10,App Store
Maxis,Terrible terrible service!!!!!,1,2024-08-04,App Store
Maxis,Rubbish network slow as turtle👎👎👎,1,2024-08-04,App Store
Maxis,Iklan 5G no1 tapi line lembap macam siput babi. Aku rasa siput babi pun lagi laju dari speed ko la. Bayar mahal2 tapi servis macam sampah.,1,2024-08-01,App Store
Maxis,Whenever want to check bill I can’t do it because can’t log in to the app. Not receiving TAC for past 2 months. Going to unsubscribe Maxis wifi. Wifi very slow. Waste of money 💰,1,2024-07-31,App Store
Maxis,Benda yg mnyesalkan hdup kal1an adalah menguna maxx1s.,1,2024-07-28,App Store
Maxis,seriously?! showing 5g and 3layers but can't even open this apps by the network yourself!,1,2024-07-18,App Store
Maxis,"I went out alone, and just as my data ran out, I knew it would renew at midnight, which was in 20 minutes. So, I waited for it to renew so I could take a ride home. But after waiting for half an hour, it still hadn't renewed! What kind of lousy service is this? It was supposed to renew after midnight; the renewal date had already passed, yet it didn't renew at all. This is completely untrustworthy and really bad service. Such a big company, what are they even doing? I've been using Maxis for so many years, and I'm really disappointed with their service. I also use their Wi-Fi service, which is even more laughable; their Wi-Fi is extremely poor, and the connection is terrible. I don't even know what to say anymore. It's time to switch telecom providers.",1,2024-07-09,App Store
Maxis,Please add block id at wifi maxis app setting,3,2024-07-06,App Store
Maxis,now i only know maxis signal good at kl only others places like kulai jb and others places the signal sometime will be E or 4 bar drop to 2 bar and the signal star to week i taught when i used digi switch to maxis i really happy after i used for a month i realise that maxis internet is really bad pls service your telco can or not we need a really good 4G signal.,1,2024-07-04,App Store
Maxis,My wifi broke down but the services are so slow it took days for them to notice. I had to report to them multiple times. Please improve your services maxis. Seriously.,1,2024-06-26,App Store
Maxis,I hope to have a language Chinese setting.,4,2024-06-23,App Store
Maxis,"I cannot click apply button in Value Added Service, to change from RM10 to Rm5. Maxis so smart to earn free RM10 on this -_- what a scam",1,2024-06-20,App Store
Maxis,Line macam shaitan 5g je lebih x function langsung,1,2024-06-14,App Store
Maxis,I bought a 300mbps router plan from maxis and was working fine for the first month. After that the internet speed begin to drop drastically from 300mbps to 1.1mbps!!!! ?????? Complained a millions of times already and they promise to send their team to fix the problem. They promise they will come and fix and gave me a date. I WAITED THE WHOLE DAY AND THEY DID NOT COME.  Trash wifi speed trash customer service scammer and disgrace of internet supplier. Always though Maxis was good looking and the price (double the price of other company) yet they provide trash service like this!!!!!??? Those who read this commend DON’T BUY MAXIS UNTIL THEY FIX THIER PROBLEM. 300mbps to 1.1mbps????? What the heck man where all the money go??????? And this thing happens EVERYDAY !!!!!!!,1,2024-06-12,App Store
Maxis,"There is no internet at the border, it's really rubbish, and they charge a lot",1,2024-06-11,App Store
Maxis,Bad internet service provider. Been using for 3 years+. Always service disruption in my area. 500mbps but only got around 80mbps speed,1,2024-05-07,App Store
Maxis,laji,1,2024-05-01,App Store
Maxis,Ngelag terus gw anjingg!,1,2024-04-24,App Store
Maxis,Please fix the login issue,1,2024-04-23,App Store
Maxis,"After this new update seems like im not a Maxis customer/subscriber
 
Their hotlink app works way better than this!",1,2024-04-23,App Store
Maxis,Kudos to developer! I just thought of having 1 app to navigate both my Maxis & Hotlink apps recently when i sign up for Hotlink. One happy user here 🙂.,5,2024-04-22,App Store
Maxis,STUPID IDIOTIC!! how to login if there’s no TAC NO receive l!!!!!!,1,2024-04-09,App Store
Maxis,"Do not trust the SAFE DEVICE. Remember to check your bill details if you subscribed this package, consider wisely whether you want to continue subscribing this service. Their service is really bad.",1,2024-04-06,App Store
Maxis,Apps will automatic log out when need to manage data pool on share line. Please solve immediately!,1,2024-04-06,App Store
Maxis,"When i want to setting the data pool, suddenly its log out. Please fix this issue",3,2024-04-02,App Store
Maxis,Line lembab nak mampus dah 4g tapi bile in game selalu lag aku bil phone bukan main mahal lagi pakai lagi satu phone aku ip paling latest lah bro. Apps tu kalau boleh kau buat setiap masa maintenance,1,2024-04-01,App Store
Maxis,Terbaik👍🏻👍🏻👍🏻,5,2024-03-23,App Store
Maxis,"Apparently you can’t have both Hotlink and Maxis app on a same phone, because Maxis will show you a screen saying I have logged in with a Hotlink account and proceed to stop me from entering the app at all… 
So I have to view and pay out home wifi bill via pc because by their logic, I surely won’t have a maxis account for home wifi and a hotlink account for my phone usage… facepalm
Preventing people from using their app solely for having Hotlink account on their phone is dumb, and I’m curious as to who think of this idea in the first place. And you dare to put a smiley :) at the end, how out of touch are you?!",1,2024-03-14,App Store
Maxis,"Manage data pool is totally useless, cannot manage at all!!!! Once set then direct logout, how to use?!!!!!",1,2024-03-13,App Store
Maxis,"Even if the network is slow, it will be completely disconnected from time to time. What if there is an emergency and you can't call? No queues, just one day!！",1,2024-03-06,App Store
Maxis,垃圾,1,2024-02-27,App Store
Maxis,"Stop spamming me the modal in every page, when I did any action, very perplexed !",1,2024-02-15,App Store
Maxis,Contract xde bila terminate ko charged ak lg tgi dr past bill. Line slow nk mampos. Baik ak tukar telco lain je. Mahal siall byr bnda ak xpakai no subline tu masih ada dlm bill sdgkn da mmg xbole guna and takde outstanding. Memang bxbi maxis bila call ko tgk dia belit ko mcm mana.,5,2024-01-26,App Store
Maxis,It says now my bill is due on the 22nd when all the while it has always been 28th. So gaji is not out yet then what are you going to do if I don’t pay like what you wanted? Bar my line? So we shall see. And yes my office coverage for Maxis is atrocious!,5,2024-01-22,App Store
Maxis,Cannot “space” to rename the WiFi name in the app,4,2023-12-30,App Store
Maxis,Dark mode is very much needed because sometimes the app can blind my eyes with whole white background when it was all dark around.,4,2023-12-15,App Store
Maxis,"I’ve just used this maxis line for about 4-5 months, I have no doubt on their data line except sometimes occurs no data and signal at all when there is a big raining night, and at my area is pretty good so far, but just one thing I felt unsatisfied and unhappy is the plan I change to excess 5G I can’t use it at all because my area not running any 5G line, which means the money that I spent just for 4G data and I have to throw my 5G data away to see it but not able to use it, and this is how Tele company release the plan when Malaysia still not mature enough to running the 5G data and force the people to buy the plan, even is not that expensive but they choose to tell the people your current plan is cheaper than your previous plan, but the never tell customer and just laugh at people that non of my business because your area not allow to use the 5G data is doesn’t mean that is my company issue, so everyone should move it to the big city like KL or somewhere able to access and use the 5G data so that your data won’t waste it, please don’t allow the chance for me to find any good and average plan, I will definitely change it directly!",1,2023-11-27,App Store
Maxis,App stated i was eligible for for speed upgrade from 100mpbs to 300mpbs for free without any additional fees or contract renewal but once accept the offer through app get call from Maxis speed upgrade agent and they said contact will be renewed to another 24x months and fees will adds on. Totally crap service and scammer. No wonder they left far behind by other better telco like DiGi.,1,2023-11-27,App Store
Maxis,Saya mahu tukar plan lama kembali,5,2023-11-22,App Store
Maxis,"The line always breaking. How does Maxis wish us to upgrade 5G, even the current 4G coverage worse then ever before. Even if we upgrade 5G not everywhere got 5G. The Maxis apps also very slow like cheap line XXX apps…",1,2023-11-16,App Store
Maxis,haritu janji student boleh bayar la apa lah..bila tak boleh bayar menyusahkan orang..memang babi punya maxis,1,2023-11-15,App Store
Maxis,"Cant login to maxis app to check on the wifi bill , it stated that i already log in on the hotlink postpaid app , then how i want to clear the bills?",2,2023-11-07,App Store
Maxis,"The internet service from maxis is bad at my home, when i first used it for 3 months it was ok, after that it was bad,my sisters who use maxis are the same, at first it was good, after a few months the internet is slow, i have upgrade my data & it getting more slower than before, i call maxis center and they say they want to settle it but it doesn't settle, the last time when i asked WHY they said maybe it's because more people are using maxis, the maxis tower is far away.. then i asked again until when i have to deal with this matter , he said until the end of the contract😒, it's easy for him to answer, even after 4-5 calls maxis center there was no solution, after do reset the internet at my setting it was ok for a while then it came back, 4g is there, the bar is there but no INTERNET! when they reset the settings from there, internet ok for a while, then the next day internet back worse, now internet line is getting bad & more bad no matter the time is 😡😡😡😡",1,2023-11-05,App Store
Maxis,"“Chat with us” - I thought can chat with live agent as previous chat & the chat was within the maxis app but it turn out chat with BOT in whatsapp? with just limited option to choose ftom? how to solve customer issue? how customer want to ask? BOT just repeat same thing. For this i will rate 0 🌟for maxis app. Usually I will rate 10 or 9 out of 10 satisfaction survey/review after payment.

[LiveChat] Hi Maxis
[LiveChat] Hi Maxis
[LiveChat] Hi Maxis
[LiveChat] Hi Maxis
[LiveChat] Hi Maxis
[LiveChat] Hi Maxis
[LiveChat] Hi Maxis
[LiveChat] Hi Maxis
[LiveChat] Hi Maxis
[LiveChat] Hi Maxis",1,2023-10-26,App Store
Maxis,bad to fix any problem,2,2023-10-05,App Store
Maxis,"They put the date can get the iPhone 15 Pro Max 29/9 onwards, 28/9 send us a text said shipment delay postpone till 5/10. On the 5/10 Afternoon send us a text again said postpone till 16/10 onwards. 

Big liar! The time was deliberately set early to attract people to sign up, but it was always delayed after payment was made!",1,2023-10-05,App Store
Maxis,"i was accidentally deleted the app. But then I reinstalled it and charges me for Rm39.90?
Thought it was free download app right? Or am I  wrong? Ridiculous?",1,2023-10-01,App Store
Maxis,mahal macam shibal tenet nya skit,1,2023-09-25,App Store
Maxis,Actually give one star rate also don’t want to give…really bad a service n the customer service also unfriendly..is time to give me change to other network line 👎🏻👎🏻,1,2023-09-19,App Store
Maxis,What’s the point of updating when most of the devices at ur shop is not available?,1,2023-09-16,App Store
Maxis,Dekat apps dah tiada button untuk manage home wifi. Macam mana nak tukar password wifi kalau macam tu,5,2023-09-02,App Store
Maxis,"After upgraded to 5G, every month or so the wifi stops working, loses connection frequently. They come to fix it but after a week it doesn’t work again. Been like 7 times already this keeps happening. What’s the point of upgrading when it’s worse than before? Pay so much for what?",1,2023-09-02,App Store
Maxis,"I want to edit service name, hit save but show failed.

Other function so far i am satisfied.",4,2023-08-30,App Store
Maxis,macam setan punya apps.. nk login pun tak boleh mcm mana nk bayar bil setan,1,2023-08-03,App Store
Maxis,"Pls fix the page for manage home Wi-Fi, is not functionable.",1,2023-08-02,App Store
Maxis,"Changed my network to maxis home fibre we thought we could improve the network service. Apparently, it really2 gives so much trouble when comes to paying the monthly bill. 
Several occasion, system down and when you wanted to go to their centre, closed withour any notices. I dont really recommended anyone to change their current network! Its a big regret!",1,2023-07-30,App Store
Maxis,After the updates can’t open up the apps! Please fix,1,2023-07-09,App Store
Maxis,"Even though can login and provided proper account no n details and still prompt they’re a problem to performing your action, please try again..  rubbish. Want people to pay bills but not allowing users to link their accounts. Worst platform for such highly charged telco",2,2023-06-05,App Store
Maxis,This Is the worse service provider in Malaysia,1,2023-05-20,App Store
Maxis,"Hi maxis developers, can u check or audit ur hotlink app. It’s too much of issue on that app. Cannot refresh no app, update status. Can’t do anything on that app. Also the customer service is soo badd. I know u are not the one operate it but seem like lepas tangan oo , pls notice me immediately. Hotlink app is a terrible. Also i cannot add on use that app and traditional *100# . So what am i gonna do ?? 3 days already. Holiday ? Intern? Fresh grad running the app ? . Mu renewal internet is 4 days more.",3,2023-05-07,App Store
Maxis,My Maxis apps can’t view how much quota left. Went to Maxis and no one can help me on this. But they told me this is IT problem.,3,2023-05-01,App Store
Maxis,"Bayar lebih 100 ringgit, tapi tak laju.  Apa guna tambah data kepada customer bahkan speed tak baiki? Sebagai customer Maxis selama 10 thn, kecewa atas line maxis yg semakin teruk. Hope improve a lot!",1,2023-04-27,App Store
Maxis,3 min loading time to launch the apps. slow,1,2023-04-23,App Store
Maxis,Home internet speed seems to slow down. I try to manage and test my connection using the app. App says my modem is offline and cannot connect and diagnose. So annoying. Modem and router is working and connected properly!,1,2023-04-22,App Store
Maxis,Bad attitude and lots of excuses talk crap,1,2023-04-20,App Store
Maxis,wanna make payment also very difficult,1,2023-04-03,App Store
Maxis,Orang bayar kau tiap tiap bulan. Kadang tak dan nak bayar kau dah barred. Bila mintak billing kau suruh tengok apps kau lah apa lah. Menyusahkan orang betul. Lepastu penggunaan internet terhad. Tahu tahu je habis. Padahal tak guna pun 24jam. Mmg patut lah orang tukar ke telco lain unlimited internet. Maxis cuna cermin diri tu dulu tanya kenapa oranga banyak lari ke telco lain!!!,2,2023-03-24,App Store
Maxis,Unable to submit payment through apps.,1,2023-03-24,App Store
Maxis,The app is so slow and lagging. It took forever to start. Hanging at the loading start up page,1,2023-03-21,App Store
Maxis,Always ping high make lagging  or when i do a speedtest is only 150mbps for my 300mbps package..speed still acceptable but for the stabilize is make me faded up almost crazy everyday!!!,1,2023-03-17,App Store
Maxis,Rip this apps. Can’t even log in to pay my bills. Thanks because make my life more hard to pay it online 😁,1,2023-02-28,App Store
Maxis,"I can’t view and receive my bill statement being postpaid shared line. Called customer service and she login using my number can see the bill option. However, all I can see from my iPhone 12 logging in the app is only option to make payment. My app is up to date and my iOS is up to date. Don’t know what else is missing.",1,2023-02-08,App Store
Maxis,"Don’t register maxis, line very slow zero bar. Maxis no need put high price for your network ,because line are very weak. So give the price below rm100.",1,2023-02-02,App Store
Maxis,"I purchased the Maxis home fibre internet to give it a go. It worked well for the first year but started giving me extremely wonky connectivity issues going into the second. I rang customer service to fix it and it still didn’t work. 

Rang their customer service hotline over a dozen times just to sign into my app - fat chance. Customer rep i spoke to eventually didn’t even know the app’s processes. 🤦‍♀️🤦‍♀️

Oh yes, good luck trying to get someone from their customer service centre on the line too.",1,2023-02-02,App Store
Maxis,My iPhone 12 Pro cannot login the apps . Kindly check why this is happening,3,2023-02-02,App Store
Maxis,I don’t know use the app for what and see nothing now the service is bad,1,2023-01-16,App Store
Maxis,"I would like to rate 0 but there is no option for 0 rating.Since last 3 months i am getting bills 575 RM as i am using wifi for internet,not making any international call but still the bill is same. I regret why i choose maxis over digi. 2 weeks back i paid bill of 575 RM and today they interrupted my service again. I can not make local call,can not connect internet. I would suggest people to go for celecom or digi instead of this Freaking Maxis.",1,2023-01-14,App Store
Maxis,"Your apps is useless, literally. I can’t access wifi setting or do router reboot or anything other than just to see the monthly bill. It kept saying fetching settings only to return to say router is offline, all the time! Seriously useless non functional apps.",1,2022-12-22,App Store
Maxis,Can’t receive TAC to login with correct phone number given few days ago!,1,2022-12-07,App Store
Maxis,The apps just not responding to my login request. Need to open my account using maxis web.,1,2022-11-29,App Store
Maxis,"Used non existing phone call to make their own user swap to their fiber plan. This is the ""best"" company for sales. To hit own KPI, their agents will bluff user, create case ticket is equal to confirm sign agreement for new plan.",1,2022-11-12,App Store
Maxis,…,1,2022-11-01,App Store
Maxis,"Please fix, always getting error We are not able to test your WiFi at the moment.
Click contact us for assistance (mma).",3,2022-10-10,App Store
Maxis,Data dah laa mahal .. internet mcm siput .. babi,1,2022-10-05,App Store
Maxis,I cant find “Test My Wifi” and wifi maintenance feature due to new UI bring them back!,1,2022-10-01,App Store
Maxis,"Why I cannot login to my account? When i entered my phone number, the apps will load and suddenly pop up window showed error occurred. Please help me.",1,2022-09-28,App Store
Maxis,Would you look into this problem? I cant pay bill using this apps.,2,2022-09-27,App Store
Maxis,I only use the app so I can pay my internet bill and I can’t even do that. Contacted social media and they say no payment issue but still experienced for more than 4hrs. Web is the same like what is this.. thankfully my line is not Maxis otherwise will have massive headache every month.,1,2022-09-15,App Store
Maxis,"Really disappointed on Maxis Customer service, I called for many many times, and even sent email for ternimation for about one year+ but still cannot get the things done! Really really poor service! Until now, I still have to keep paying for the plan (I already wasted money for 1 year plus!). Hope Maxis will see this review and provide me Solution! Will never ever use Maxis plan anymore!!!",1,2022-08-30,App Store
Maxis,"This start happened since July!
I login apps using my registered number, keep saying please use valid number. Still the same if i use my email!!",2,2022-08-28,App Store
Maxis,"I tried to log in on 29aug 22 , but keep show something wrong.",1,2022-08-28,App Store
Maxis,Have been trying multiple times but can’t access the app. Even uninstalled and reinstalled the app but no changes,1,2022-08-28,App Store
Maxis,I’m unable to sign in after session expires. The continue button is disabled even when I type the correct username and password..,2,2022-08-24,App Store
Maxis,全马最烂电信公司Maxis😡 每月账单，多十多块，明明开线Rm98 加 GST=RM1++块😡可是付多莫明奇妙的钱 网线没有最烂，只有更烂，在新山区住家都没网线，问：客服，一直讲有，有我还酱无聊问吗（不要坐在电脑前面，看知道吗，客服） 学一下，新加坡，电信公司（有，双语言客服Maxis 10年前，10年后，都请不到双语言客服？）更好笑，没有解决我问题，还要帮你们写好评（客服 你 是不是 脑 进 水😡）现在 就 帮 你 写 在 Maxis App 这里，不用谢谢我 写完，立刻转换电台，maxis sim卡不配用iphone ，适合用在Nokia3310，Sony Ericsson,1,2022-08-24,App Store
Maxis,"Maxis ni line dahlah hauk, no service memanjang. I pakai postpaid plan 98 tau. Tapi apalah guna bayar ratus ratus sebulan tapi line takde, orang call je masuk miscall cant reach me. Pastu kalau balik kg lagilah no service. Even if im in town line dia satu bar je! Been using for 2 years but am not satisfied at all. Swtich to Maxis from Celcom sebab org kata elok. Podah i rela bayar mahal kat Celcom cause the connection us guaranteed. 

Lagi i bengang, i settled my bills and requested to port out. Normally benda ni 24 hours can settle. Tapi i taktau kenapa i didnt receive any port out msg from Maxis sedangkan telco yg i nak port in tu dah request. Tup tup 2 days passed and my new cycle begins, and so sudden my port out request been rejected sebab new cycle tu dikira outstanding bills dah. 

Reach Maxis ws for help. Bayar the new cycle and tibeh boleh port out in 24 hours. Hello you scam i ke? NEVER GONNA PORT IN MAXIS EVER AGAIN!",1,2022-08-17,App Store
Maxis,Always have this “problem retrieving your service” error code whenever I need to check my account. Wanted to activate my international roaming and the app is not responding. Deliver a better a customer service experience please if you want to charge higher than other telco providers.,1,2022-08-15,App Store
Maxis,"Sharing the data only applicable between main line to sub line. And this sharing are not applicable between both principle line within the same account holder. Mean, I have 2 numbers under my name, both has been registered as main line, under same maxis apps but maxis doesn’t allow to do data sharing. This is weird, technical team or IT system should look into this matter as this is not rocket science to be done.",1,2022-08-14,App Store
Maxis,I live in the city of KL. I can’t get connection inside most lift in Kuala Lumpur and elsewhere. Hope this problem is fix soonest. My friend using celcom have no issue inside any life any floor,3,2022-08-13,App Store
Maxis,confusing app to use  example：advance i added money it just add on to negative number dont know the usage for it,1,2022-08-10,App Store
Maxis,I was happy with KianHaul (customer service person) services. He explained so details to me and my boyfriend towards the package and phone package too. Thank you for your patience serving us! Keep it up your good work!,5,2022-08-07,App Store
Maxis,Terbaikkk,5,2022-08-07,App Store
Maxis,The home fiber not stable,1,2022-08-06,App Store
Maxis,yuni,5,2022-08-03,App Store
Maxis,fix ur network coverage..to slow to handle,2,2022-08-03,App Store
Maxis,I pay the bill already but still show not paid?,1,2022-07-29,App Store
Maxis,Zaharah58,5,2022-07-29,App Store
Maxis,Good,5,2022-07-29,App Store
Maxis,nice,5,2022-07-28,App Store
Maxis,"I have login but the apps say I don’t have login ID, then I registered but it say I already registered. So?",1,2022-07-26,App Store
Maxis,Maxis is the best service provider,5,2022-07-24,App Store
Maxis,"If i could, i wont even give a star. Its a useless app. Its suppose to give ease to the customers to log in and check their bill payments but i cant even log in successfully. They dont even send out their physical bills on time either. Not to mention that the internet connectivity is only getting worse. Regret choosing maxis.",1,2022-07-21,App Store
Maxis,Nice interface and user friendly.,5,2022-07-20,App Store
Maxis,Nice apps,5,2022-07-18,App Store
Maxis,season log in expired ! lepas tu nak login semula guna phone number dia cakap not exist! login guna mail failed ! reset password failed to authenticate admin! ape benda sial maxis,1,2022-07-16,App Store
Maxis,Kenapa ttbe tak boleh log in,5,2022-07-16,App Store
Maxis,Easy to use and pay ….. but line is still barred after payment is made ?,5,2022-07-15,App Store
Maxis,👍🏼👍🏼👍🏼👍🏼,5,2022-07-12,App Store
Maxis,Very efficient &smooth coverage line,5,2022-07-12,App Store
Maxis,Good apps!!,5,2022-07-08,App Store
Maxis,This is my 3rd time for this month ! I paid bill on time. My limit is rm500 a month. Why am i being barred when the due date is in the next month?,1,2022-06-29,App Store
Maxis,Keep loading all the time. Frequently crashes and the fix done is slow !,1,2022-06-28,App Store
Maxis,Dah lama guna maxis ni… hampir 10 tahun.. tapi sejak 2 menjak ni bila guna data sendiri mesti line problem… please lahh teruk sangat dah maxis skrg…. Kalah game gara2 line teruk je… Kalau kampung xpe lah boleh excuse ni bandar kot… aku rasa nak baling je fon ni.. tapi sayang mahalkan… bukan salah fon juga….,2,2022-06-27,App Store
Maxis,👎🏻👎🏻👎🏻👎🏻👎🏻👎🏻👎🏻,1,2022-06-22,App Store
Maxis,Excellent,5,2022-06-16,App Store
Maxis,so good,3,2022-06-14,App Store
Maxis,Best Mobile Network…,5,2022-06-14,App Store
Maxis,Line drop !,1,2022-06-13,App Store
Maxis,Very nice app,5,2022-06-13,App Store
Maxis,Pay bill via apps. It’s doesn’t work! now my money is stuck inside!  Can’t even withdraw!?,1,2022-06-11,App Store
Maxis,going to pay by app but cant load in since 2 month ago and cut off my internet,1,2022-06-10,App Store
Maxis,Maxis app already updated but always show problems retrieving your service. I finished my data I want to buy extra but I can’t make it! Where and how can buy 😡😡😡,2,2022-06-09,App Store
Maxis,Coverage yang paling terbaik setakat ini,5,2022-06-08,App Store
Maxis,Why switch accout icon does not appear..,3,2022-06-07,App Store
Maxis,Good,5,2022-06-06,App Store
Maxis,There is no way to get addon data from the app!,1,2022-06-04,App Store
Maxis,Since 2019 all the scammer games online always break through the maxis from normal mesej and whatssap even do this not the best security telco provide.i received more than 250 online gambling and outside country break through my phone number.Maxis can be the 1 top if they can secure our line.,1,2022-05-31,App Store
Maxis,Ahahaha,4,2022-05-31,App Store
Maxis,Bagus,5,2022-05-30,App Store
Maxis,To slow apps also,4,2022-05-30,App Store
Maxis,Unable to download the eBill,1,2022-05-29,App Store
Maxis,inside app where is it purchase Internet data add on category ？now cant use app buy data？,1,2022-05-26,App Store
Maxis,👍🏻👍🏻👍🏻,5,2022-05-26,App Store
Maxis,Always cant retrieve info,1,2022-05-21,App Store
Maxis,Not good like before at putrajaya and kelantan..hope maxis can fix that..thank you,4,2022-05-21,App Store
Maxis,the best,5,2022-05-20,App Store
Maxis,Good,4,2022-05-19,App Store
Maxis,🤗🤗🤗,5,2022-05-13,App Store
Maxis,Ok,5,2022-05-12,App Store
Maxis,Been using This app For almost 2years and This New version keep Asking For phone number even already key in For many times. Who la the stupid one that makes This app become stupid.,1,2022-05-09,App Store
Maxis,line okeyy,4,2022-05-08,App Store
Maxis,"Always auto log out and very difficult to log in.
Please fix it",1,2022-05-08,App Store
Maxis,Good,5,2022-05-07,App Store
Maxis,"The country is so hopeless with these lousy telcos maxis, digi and celcom",1,2022-05-03,App Store
Maxis,"Unable to login after trying multiple times. Uninstalled & reinstalled, but still the same. Crappy.",1,2022-05-02,App Store
Maxis,Good,4,2022-05-01,App Store
Maxis,"Have been use this app for a long time. However, the log in page is blank after updated to newest version",1,2022-04-29,App Store
Maxis,Cannot open the apps since 9.00am,1,2022-04-29,App Store
Maxis,Baik,4,2022-04-29,App Store
Maxis,slow line,5,2022-04-29,App Store
Maxis,Bodoh punya app,1,2022-04-27,App Store
Maxis,Poor services by maxis ...,1,2022-04-27,App Store
Maxis,so fat so good,5,2022-04-24,App Store
Maxis,N/a,5,2022-04-24,App Store
Maxis,gg,5,2022-04-19,App Store
Maxis,2 days ago I updated my Maxis app to ver. 8.71.1 and my IOS ver. 15.4.1. Every time I use and browse using the Maxis app. It always “hangs”. I always need to force shut the Maxis app and reopen back. Kindly resolve this issue.,1,2022-04-15,App Store
Maxis,"When i start install the app, i can’t log in because in my phone just  personal login. But my simcard is business login, so pls fix the app",2,2022-04-14,App Store
Maxis,"Good Nice and doop my G🐉
FOREVER AND EVER I WILL USE MAXIS, MAXIS FOR LIFE AND DONT FORGET ABOUT 420 MA BOI🤙🏻🚀🚀🚀",5,2022-04-13,App Store
Maxis,"worst service .. call centre pun dilayan macam acuh tak acuh .. intonasi suara pun macam ada masalah je… pastu call suruh kita tunggu .. tunggu punya tunggu sampai ke sudah tak cakap balik :,)",1,2022-04-04,App Store
Maxis,Excellent,5,2022-03-31,App Store
Maxis,Awesome,5,2022-03-30,App Store
Maxis,After i terminated the number i cant login into the app.But still have maxis fibre wifi.Because of that i was delay to pay my maxis fibre wifi bil and the account were suspended.After that went to maxis centre still same cant login.Very problamity.,1,2022-03-29,App Store
Maxis,GREAT UI,5,2022-03-26,App Store
Maxis,"Hi Maxis, please enable us user to see our internet usage and not only the cost. Tq~",2,2022-03-26,App Store
Maxis,THE WORST FIBRE THERE IS. SLOWEST AND UNSTABLE. CANCELLING THE CONTRACT IDGAF. When they came to install the technician said the line all impressive better than the others etc. lol full of crap.,1,2022-03-17,App Store
Maxis,When rain come all thing cannot do the line so bad pls close it,1,2022-03-06,App Store
Maxis,too much loading..,2,2022-03-06,App Store
Maxis,Ya certainly the best,5,2022-03-06,App Store
Maxis,"Call customer service ckp lain, pergi centre ckp lain. Menyusahkan",1,2022-03-04,App Store
Maxis,Aku tak larat nak refresh app dah nk tngok kuota jaa pon. Refresh banyak kali dah still x keluar,2,2022-03-03,App Store
Maxis,"easy plan, easy zero payment advance for new device, and waiting for 5g coverage",5,2022-02-24,App Store
Maxis,Woii fix lah menyesal sy tukar maxis pospaid ni,1,2022-02-21,App Store
Maxis,Senang nak guna Maxis Apps ni. 5 star untuk staff Maxis juga sebab banyak membantu.,5,2022-02-16,App Store
Maxis,There is no option to provide feedback on bad network coverage on app or what apps chat. So I have no choice but to inform MCMC on bad network coverage.,2,2022-02-14,App Store
Maxis,Good job,4,2022-02-14,App Store
Maxis,I forgot my password then i reset a new password. But then it says ive put in wrong password. Ive resetted the password again.. im sure i got the password right and it says i put wrong password again. Now my account is locked… why do u have to lock my account this isnt a bank account or something i just wanna pay my bills,1,2022-02-07,App Store
Maxis,Why i cannot open this app?,2,2022-02-07,App Store
Maxis,terbaik,5,2022-02-05,App Store
Maxis,Good,5,2022-02-03,App Store
Maxis,What happened to the app? I can't view the previous bills and the current bill. Please update!,2,2022-02-01,App Store
Maxis,I am happy to have the app,5,2022-01-28,App Store
Maxis,Best,5,2022-01-26,App Store
Maxis,"So I dont know when you get new update. All I know is i cant load things properly, I cant log into the Maxis app to check my data usage, Maxis failed to send OTP/TAC to my numbers…all this annoying error. What have you fix?",1,2022-01-24,App Store
Maxis,完全一点都不能用，网越来越差。你们是在搞什么飞机，一个月还那么多钱，完全不能用,1,2022-01-24,App Store
Maxis,Okay,4,2022-01-24,App Store
Maxis,Superb!,4,2022-01-22,App Store
Maxis,"It’s great to see the growth of Maxis, so there’s no disappointment in that area.",5,2022-01-19,App Store
Maxis,App unable to login. The screen freezes during login attempt.,1,2022-01-17,App Store
Maxis,Very bad apps. Always have bug and its frustrating,3,2022-01-16,App Store
Maxis,"Hi App developer, please help to add in Data pool plan as per contact. Current data pool only show balance available. Thanks.",1,2022-01-16,App Store
Maxis,Excellent app !!!,5,2022-01-12,App Store
Maxis,Can’t log in and register thru apps. Reinstalled nothing happen. Please improve immediately 🙏🏻🙏🏻,1,2022-01-09,App Store
Maxis,Very poor like at taiping hospital ED,3,2022-01-06,App Store
Maxis,Internet loading so long,1,2022-01-04,App Store
Maxis,"dah 2 minggu line teruk sangat, gerak fon sikit terus line E , mohon pihak maxis selesaikan masalah sebelom diboikot, bayar bill mahal tapi line servis teruk.",1,2022-01-03,App Store
Maxis,"They basically take ur money and leave u alone
They is no instructions on how we should link our music account. Basically we just have a somehow figure it out ourselves. 
I hope Maxis can improve this problem because is clearly disappointing..",1,2022-01-02,App Store
Maxis,maxis line so expensive but too slow . please improve as soon as possible.,1,2021-12-30,App Store
Maxis,Very informative,5,2021-12-27,App Store
U Mobile,Semakin teruk,1,2026-09-25,App Store
U Mobile,Line semakin hari semakin terok area Jasin . Not Recomend,2,2026-09-24,App Store
U Mobile,I love the new UI. Thank you U Mobile & App developer!,5,2026-09-22,App Store
U Mobile,👎👎👎,1,2026-09-21,App Store
U Mobile,Login account already … cannot check account bill … !!!,1,2026-09-21,App Store
U Mobile,希望umobile可以支持回中文版的。英文的的我不会用。,1,2026-09-21,App Store
U Mobile,"i have 4 umobile line. i can only pay only 1 acc throught the apps. when i want to pay the other line, its automatically logged out. and need to log in again a few times. several attemps need to be made to log in again. becaus its automatically logged out. wasting of time. now its hard to pay the other 3 bills.",1,2026-09-18,App Store
U Mobile,cannot register meh?,1,2026-09-18,App Store
U Mobile,After force logout and relogin. All my other account cant be accessed. Please fix this lousy app,1,2026-09-13,App Store
U Mobile,mcm sual dia punya line,1,2026-09-12,App Store
U Mobile,"PAKAI PREPAID LINE SLOW , TUKAR KE ULTRA 5G PUN 1 BAR JE , TUKAR POSTPAID PON SAMA MACAM BODOH SLOW 1 BAR JUGAK . BAIK TAK PAYAH TULIS ULTRA LAYAK NAMA SIPUT UMOBILE JE BODOH",1,2026-09-09,App Store
U Mobile,U mobile ni kenapa dduk kat bandar jb…keje kat tengah bandar…tiba2 line boleh jadi edge…knp eh..aq dri prepaid tukar p line kat sarawak lagi…line laju kat kuching…tibe kat jb ni…mcm hauk…aq ni tukar pegi line sebab kje perlukan internet..keperluan,1,2026-09-08,App Store
U Mobile,Tolong la jgn bergurau time org reload topup.. lama betul nk masuk mesej relod topup.. dh reload tapi amount tak masuk2,1,2026-09-08,App Store
U Mobile,"the app is so slow, need hour for my credit to get in if i reload it from tng also the line always gone and its only strong in my house, if i go outside its so slow",1,2026-09-07,App Store
U Mobile,line lembab busuk mahal tai tolol anjing,1,2026-09-05,App Store
U Mobile,Tolong la dok da 5tahun pakai tapi line macam taik,1,2026-09-05,App Store
U Mobile,"Hi, I want to make it very clear that I am extremely dissatisfied and frustrated with U Mobile’s network service.

I have been a loyal U Mobile customer for more than 10 years, yet after all these years, I am still facing the same unacceptable network problems. There are many places where I have little to no coverage at all. Even when I urgently need to make a call or use mobile data during an emergency, I cannot rely on your network. This is completely unacceptable for a telecommunications provider.

What frustrates me even more is that whenever I consider switching to another operator, U Mobile suddenly comes up with different offers, promotions and promises to convince me to stay. But after that, nothing actually improves. I am tired of hearing promises and excuses without seeing any real action.

For more than 10 years, I have continued paying for your service, but most of the time I have to depend on Wi-Fi because your mobile network is so unreliable. If your customers are paying every month, we deserve a service that actually works—not excuses.

And yet, if a customer fails to pay the bill by even one day, the line can be barred immediately. You are very quick to enforce payment, but when it comes to providing a reliable network service, customers are expected to tolerate the same problems for years.

I have been patient for more than 10 years, and my patience is running out. Loyalty should work both ways. I have given U Mobile my business for over a decade, but I do not see the same commitment from U Mobile towards its customers.

Please do not respond with another generic apology, another promotion, or another empty promise. I am asking for a REAL solution.

Investigate the network coverage and quality in the areas where I am experiencing these problems and explain clearly what U Mobile is going to do to resolve them. I want action, not excuses.

If U Mobile cannot provide a reliable network after having me as a customer for more than 10 years, then I will seriously consider moving to another operator.

This issue has gone on for far too long. Please take this complaint seriously and provide a proper response and solution.",1,2026-09-05,App Store
U Mobile,do better,1,2026-09-04,App Store
U Mobile,unable to scan the barcode,1,2026-09-04,App Store
U Mobile,Poor network coverage and data,2,2026-09-02,App Store
U Mobile,"First all of i spend amost 50 minute just to register and suddenly it fail many times and told i need to register my digital id okay… then i my digital id my iPhone cannot open because of my iphone security,fine… i use my android done register my digital id and when i try to register my SIM card again error please wait another 3 minute good job umobile I’ll stay with maxis… 10/10",1,2026-09-02,App Store
U Mobile,Only good for running videos not for games,1,2026-08-28,App Store
U Mobile,susah nk daftar sendiri ic dh okey dah tkde cahaya ke ape ok je try banyak kali tk boleh jugak payah lahhh,2,2026-08-27,App Store
U Mobile,Rangkaian tidak stabil. Ingame ping naik spike mendadak tinggi. Teruk. Pakej murah tapi kualiti tiada.,1,2026-08-25,App Store
U Mobile,5g Pun teruk la umobile nii.. bayar mahal pun hampeh menyesal laa aku pakai. Fix laa ko punya connection woii bukan orang guna free tauu.. orang bayar la c yall,1,2026-08-25,App Store
U Mobile,tolonglah u mobile bagi saya free 100 gb tu susah sangat nak claim 100 gb,2,2026-08-24,App Store
U Mobile,jangan beli umobile line mcm semak,1,2026-08-23,App Store
U Mobile,Bodo line slow macam dduk dlm hutan,1,2026-08-22,App Store
U Mobile,"UM tukar pakej ikut tekak dia saja. Lepas tu, nak PortOut buat susah. Servis sampah",1,2026-08-21,App Store
U Mobile,"gg makan duit orang, bile dah beli line still slow makan lagi duit org bodoh, bangang",1,2026-08-20,App Store
U Mobile,tak boleh bayar online sbb bank not found.. what the hek… sebelom ni boleh tibe tak boleh pulak.. saje nk jadikan aku punya bill tertungak n korang boleh denda kan.. bingai punya youmobile kontoll!!!,1,2026-08-19,App Store
U Mobile,"Internet problems happen every week, especially on weekends. Sometimes it’s because of the “scheduled maintenance/upgrades”. But sometimes there is no maintenance, but the signal shows E and still cannot connect to the internet. Too frustating.",1,2026-08-16,App Store
U Mobile,Line selow nk mampossss bayar mahal ii line mcm taikkk. Line babiiiiiiiiiiiiiiiiiii bodooooooo,1,2026-08-16,App Store
U Mobile,"The network is terribly bad and whenever trying report to CS, they reaching out after a week for resolution. Totally disappointing and I’m planning to disconnect once the contract period ends.",1,2026-08-15,App Store
U Mobile,"You compel me to subscribe to a postpaid service over and beyond my needs, at a cost higher than other telcos. Stay away from this vulture.",1,2026-08-14,App Store
U Mobile,While your services was able to provided a good social media experience but it’s was so lagging whenever I played a mobile game such as Mobile Legends where mostly got over 200 pings and it bothered the experience.,1,2026-08-13,App Store
U Mobile,Bodoh punya line,1,2026-08-13,App Store
U Mobile,"Line paling sampah, 4G 5G padahal topup bulanan...nk buat keje pun tkleh",1,2026-08-12,App Store
U Mobile,bodo punya line beli mahal tapi mcm siput babi bodoh sial anak haram takde inovation baru ke anjg dari buat plan unlimited tapi line mcm sial,1,2026-08-10,App Store
U Mobile,slow as fak,1,2026-08-09,App Store
U Mobile,My email says that i got free 888GB mobile data and when i wanan redeem it it was never a free mobile data,1,2026-08-08,App Store
U Mobile,Card terburok yg pernah saye gunekan,1,2026-08-08,App Store
U Mobile,"aku topup tak masuk ii duit tu , suka tela duit org je tau . takkann aku halalkan bodoh",1,2026-08-06,App Store
U Mobile,"Why there is no U Prepaid 25,40,50 plan on the app ? Developer that lazy to update the app?",1,2026-08-06,App Store
U Mobile,"Convenient app for managing mobile services, checking usage and account details.",5,2026-08-06,App Store
U Mobile,烂透了 升级了配套还一直断线 这几个月线越来越差，完全看不到改进,1,2026-08-06,App Store
U Mobile,"Need more upgrade,line gone",1,2026-08-05,App Store
U Mobile,"They have abused the notification system too much last few days, full of marketing. No way to turn off. So 1 star. When your app developers wake up then will change.",1,2026-08-05,App Store
U Mobile,Line yg paling xbolh pkai buat zamn skrg.unlimted dh mcm maxis ad limit dgn line 4G tpi hakikat slow.better guna line yg lain je dripd UMOBILE ni.hrp service center upgrd lah UMOBILE supaya dapat macam yg dlu puas hty.,1,2026-08-04,App Store
U Mobile,"bad, i’m sick of this shi",1,2026-08-04,App Store
U Mobile,"Could you put some of the money you're making into improving your infrastructure? There are so many bugs, the servers are terrible, and every time I try to log in, it either fails or crashes. On top of that, you still haven't paid the money back. 

With all the revenue you're bringing in, what are you even using it for? Please optimize your app. It's honestly garbage.",1,2026-08-04,App Store
U Mobile,Bazir duit beli ultra5g tiap bulan internet coverage kat rumah low gak. Celcom ngan digi laju lagi. Sesuai tuk org duk bandar besar jer.,1,2026-08-04,App Store
U Mobile,"sya topup rm30 tau, tiba2 jadi masuk 20 je, mane rm10 nye? u guys makan duit lah, bukan sekali je duit lesap mcm tu, berkali2, better xyah pakai umobile",1,2026-08-03,App Store
U Mobile,semua sampah slow bengap,1,2026-08-02,App Store
U Mobile,"Dont even consider using this telco, u guys will regret it too , no improvement , always the same , better use another telco , dont been trick by it unlimited… it unlimited but line always problem and slow as fak , using anywhere always have same problem",1,2026-08-02,App Store
U Mobile,slow slow slow kentut tai tai tai,1,2026-08-01,App Store
U Mobile,Line bodo main game lag je manjang sembang 1000 mbps pakai mcm sial,1,2026-07-28,App Store
U Mobile,"ITS BEEN 4 DAY STRAIGHT NO SERVICE AT ALLL. IF I WANT TO USE MY PHONE, I NEED TO DRIVE 2 KM MINIMUM TO GET A CONNECTION. PLEASE FIX THIS IMMEDIATELY BECAUSE MOST OF US IS RECONSIDERING TO CHANGE OUR UMOBILE TO OTHERS",1,2026-07-27,App Store
U Mobile,Mempermudah,4,2026-07-27,App Store
U Mobile,Babi laa 30seminggu logik ke nk langgan tiap2 minggu then yg add on tu kalau tak skip terlanggan RM5 haram betul,1,2026-07-27,App Store
U Mobile,"Paling aku malas dengan natang ni time in game la dia nk lag dh 5G!Yee, masih mcm @njing",1,2026-07-26,App Store
U Mobile,"The connection quality was poor from the start, and even after porting out, U Mobile continues to test my patience. You emailed me instructing me to contact you within 90 days to claim my refund, yet I have been trying to reach U Mobile for almost two weeks. Your hotline has been continuously saying it is under maintenance, and my emails have gone unanswered. This is honestly one of the most frustrating customer service experiences I have ever had. How is it acceptable for customers to have no reliable support channel for such an extended period? Even someone with endless patience would eventually lose their temper under these circumstances. I expect someone to take ownership of my case, process my refund without further delay, and provide a proper response instead of leaving me waiting indefinitely.",1,2026-07-26,App Store
U Mobile,buto,1,2026-07-25,App Store
U Mobile,Terlalu slow dan tidk fntion lembap,1,2026-07-24,App Store
U Mobile,penat call . line 5g tapi tak ade line langsung. penat penat . nak terminate!!!!,1,2026-07-23,App Store
U Mobile,"Slowww data 👎🏻 after no signal 😮‍💨, digi it’s better",1,2026-07-22,App Store
U Mobile,"As 8-9 years using this disappointment line. It’s happening on my studying in KL, far more worst. Every semester and every once in a month there always ‘no service’ in the middle of the night. I’m the late night learner. It’s irritating. You ingat KL mcm kampung ke? Improve the damn service.",1,2026-07-21,App Store
U Mobile,Taik ayam,1,2026-07-21,App Store
U Mobile,line anjj,1,2026-07-21,App Store
U Mobile,tak rekomen gais lembab .. no service ja memanjang,1,2026-07-21,App Store
U Mobile,Dah pakai lebih lebih 5 tahun still sama problem bab line slow kadang tu half day line hilang ni dekat rumah nak bukak tiktok pon loading how can bende ni bole bertahan bertahun tahun,1,2026-07-19,App Store
U Mobile,"Tolong lah internet bagi semua ade jngn lah sikit ii terus hilang bagi laju dulu , jngn cakap 5G je tapi tak laju",1,2026-07-18,App Store
U Mobile,Kanapa selepas update line hilang2 satu hari tiada line.,2,2026-07-18,App Store
U Mobile,Susah bah kalau tiada line nanti ada kecemasan kita tidak tahu oh,3,2026-07-16,App Store
U Mobile,Line nya teruk woii 🫨🫨🫨,1,2026-07-16,App Store
U Mobile,Bodoh menyusahkan orang. Nak login pun susah,1,2026-07-14,App Store
U Mobile,Line macam hantuuuuuu,1,2026-07-10,App Store
U Mobile,Very superb slow,1,2026-07-08,App Store
U Mobile,"apps paling benak sekali,boikot kalau tiada perkembangan..",1,2026-07-08,App Store
U Mobile,Paling musibat telco ni laa memyusahkan orng,1,2026-07-06,App Store
U Mobile,longoi,1,2026-07-06,App Store
U Mobile,Tawau sabah ni area apas ni mmg line mcm sial,1,2026-07-04,App Store
U Mobile,makin lama makin teruk umobile skrng… dulu okay jee lepas naik 4g dan 5g makin slow dan byk msalah serta tak boleh share kredit,1,2026-07-03,App Store
U Mobile,Seminggu 3-4 kali nk kena maintanence upgrade lepas tu line tetap la slow gila nk guna untuk kerja susah.bil tiap tiap bulan bayar sama je makin mahal tapi line slow come on laa umobile stress aku,1,2026-07-02,App Store
U Mobile,Issues with registering new number whats the point of the app then,1,2026-06-30,App Store
U Mobile,"Ada apps pun tak guna lah kalau xdapat nak mudahkan pelanggan. Nak cr customer service punya susah mengalahkan nak cari trump. Chat bot, email, pm dm smua tak membantu. Caj bnda yg cust tak pakai tak subscribe. Aku xhalalll!!!",1,2026-06-29,App Store
U Mobile,SUPER DUPER SLOWWWW!!!!! NOT RECOMMENDED,1,2026-06-29,App Store
U Mobile,data slow macam pantat,1,2026-06-27,App Store
U Mobile,"line makin lama makin slow . dari game ke youtube ke social media . customer buat complaint pasal line katanya tower rosak . rosak smpai dekat 5/6 tahun taknak baiki ka? org pakai dekat 10 tahun mintak upgrade macam macam tapi line macamtu jugakla!! takda usaha langsung nak bagi elok . nk topup mahal pun belum tentu line okay, bazir duit jaa . klau boleh bagi 0 star dahlama bagi",1,2026-06-26,App Store
U Mobile,gg line sampai mati teruk,1,2026-06-25,App Store
U Mobile,Kalau nak buat maintainance bagitau la dulu boleh kita tukar line lain… ni tak aku tngh buat kerja yang penting2 slalu jadi no service,1,2026-06-21,App Store
U Mobile,Kenapa ya Umobile teruk sangat line dia kalau dulu laju je ni main game pon sangkut sangkut kenapa Umobile jadi sesampah ini,1,2026-06-20,App Store
U Mobile,BAGUS HIDUP D HUTAN ND BOSAN,1,2026-06-19,App Store
U Mobile,"Kejap ada line, kejap takda line, buat rugi bayar mahal ii, aku review ni pun, terpaksa pakai hotspot tab aku yang pakai line celcom, better dari line ni",1,2026-06-18,App Store
U Mobile,line slow,1,2026-06-17,App Store
U Mobile,network is to bad…top up 50/30 ，but the network is very slow，just 4G one line😡,2,2026-06-17,App Store
U Mobile,aq dh beli internet sebulan die bagi pakai 2 3 hari je astu selow nk mampos bukak ig pun xlepas aq dh beli internet laju sikit tdi same jugak xjadi ap xhbis ii nk telan duit org ap ke bodoh tah,1,2026-06-16,App Store
U Mobile,Bayar mahal-mahal. Bengap line slow setiap bulan,1,2026-06-10,App Store
U Mobile,"The app functions fine , but the lack of a dark mode icon is lazy design for company as big as UMobile.  It sticks like a sore thumb on a clean, dark ios setup. Plz update ur design guidelines and catch up with modern ios standards. It’s an eyesore…..",2,2026-06-08,App Store
U Mobile,"LINE KO NI MAKIN HARI MAKIN SLOW, BAYAR MAHAL STILL SLOW. MMG NAK MAKAN DUIT FREE KE WKNAT",1,2026-06-07,App Store
U Mobile,"Im highly dissatisfied for your login options, i need to pay RM20.75 because this ipad cant accept otp, if i would like to log in, i need to go to the brach n they said need to change to physical sim first, put physical sim on another phone then change to eSIM, change to physical sim back that cost RM10.50, n change to esim back cost RM10.25, please create another login options due ipad cant receive otp, very disappointed",1,2026-06-07,App Store
U Mobile,SLOW GILAA UMOBILE 🤬,1,2026-06-05,App Store
U Mobile,low performance and very inconvenient when I need it the most,2,2026-06-03,App Store
U Mobile,App paling lembab di dunia nak pakai beli internet pon tk bole,1,2026-06-03,App Store
U Mobile,Bende siakk line mcm harey… orang tengah keje nak pkai data line mcm haram,1,2026-06-03,App Store
U Mobile,"Low Coverage, Unproffesional. All of sudden no data internet without notification. Burden for online bangking & online Maps",1,2026-06-03,App Store
U Mobile,line barua beli line paling mahal pun macam pukumak line babi,1,2026-06-02,App Store
U Mobile,Proposing a 'Click to Switch/Port-In' feature in the U Mobile app to allow users from other telcos to quickly switch to a U Mobile physical SIM or eSIM.,1,2026-06-02,App Store
U Mobile,"as title，umobile just a sucker line i ever use…same with digi
worst，slow，disconnect everywhere",1,2026-05-30,App Store
U Mobile,Poor internet connection,1,2026-05-27,App Store
U Mobile,Tak boleh pakai line lemah,1,2026-05-25,App Store
U Mobile,Top up mahal” line mcm barua lepasni jual seringgit laa barua,1,2026-05-23,App Store
U Mobile,very bad,1,2026-05-23,App Store
U Mobile,"fix your internet umobile, i pay 40 ringgit for fastest internet not for the slowest, i didnt pay to waste my money",1,2026-05-20,App Store
U Mobile,"call no rasmi umobile, tak pernah angkat",1,2026-05-20,App Store
U Mobile,"Whenever it is 5G, the worst it becomes ! UMOBILE SUCKS!",1,2026-05-19,App Store
U Mobile,Mmg barua,1,2026-05-17,App Store
U Mobile,"Some features missing, add on features unstable, customer service no response. No consistency at all. Network unstable even in town. Your app really need an upgrades",1,2026-05-15,App Store
U Mobile,To the level of annoying. I have to turn off the notification.,2,2026-05-14,App Store
U Mobile,Line data ada masalah tak boleh beri jaminan untuk settel bila. Memang sampah punya plan,1,2026-05-13,App Store
U Mobile,fix la internet tu b*bi betul orang bayar mahal la k*mak takkan kau senang ii je telan duit bgg,1,2026-05-12,App Store
U Mobile,Please umobile repair your.,1,2026-05-12,App Store
U Mobile,"Line makin lama makin slow. Upgrade la sikit kelajuan line tu. Topup pandai pulak nak, tapi service macam bodo.",1,2026-05-12,App Store
U Mobile,"Dua2 hanphone aku , aku kasi pakai sim umobile. Mahal saja aku bayar bulan2 tapi line macam anjing",1,2026-05-11,App Store
U Mobile,This,5,2026-05-09,App Store
U Mobile,Saya pakai umobile ni 7 tahun dah.. elok jaa.. lani dekat sebulan lebih dah rasa line macam ngn apa lagi.. 4G satu bar.. teruk betul laa.. stress nak bukak apa pon semua loading.. bill bayar bulan2 tapi service teruk.. cara ni kena tukar pergi line lain kot.. pangkah umobile..,1,2026-05-06,App Store
U Mobile,Line tak kuat bayar mahal2 pun tak kuat lepas tu langanan habis begitu saja tak memuaskan sangat teruk dan teruk sangat teruk sumpah sangat teruk,1,2026-05-04,App Store
U Mobile,Leceh tau tak benda ni sbb dengan keadaan yang urgent susah lepastu kalau internet dah habis pastu kita batu tahu nk bukak apps pulak loding lain tkde terpaksa pinjam ii hospot pastu kalau duduk kawasan yang hutan mcm tu nk pinjam dhn sape hantu knp tk buat langgan mcm biasa jer yang 124 /118 senang ker kan ade ke tkde internet boleh jer langgan mcm biasa penat tau tak benda ni menyusahkan!!!,1,2026-05-04,App Store
U Mobile,Jagan guna umobile line slow sangat . Umobile line paling slow,1,2026-05-03,App Store
U Mobile,"worst user experience app ever, either the developer or the entire department should get layoff",1,2026-05-01,App Store
U Mobile,buto,1,2026-04-27,App Store
U Mobile,app paling bodoh sekali.. nak login xboleh walau pun otp dh betul.. ulang2 sampai abg jamil mampos,1,2026-04-26,App Store
U Mobile,cuba upgrade skit apps ni,1,2026-04-23,App Store
U Mobile,Im using umobile few years，the data quite slow waste my money and the 1gb free always show fully used while Im using my home wifi. This app also horrible，cant make payment for my umobile home wifi now，last time can use by paying bills for friends then now can find this method，pls make it user friendly since you are a big company in Malaysia,1,2026-04-22,App Store
U Mobile,Hi,5,2026-04-22,App Store
U Mobile,5g ultra katanya. Main game mcm isap gam. Laknat bethul,1,2026-04-22,App Store
U Mobile,Heran makin lama betambah lah pula bayaran…….ntah apa2 cas cam bu!!zhit saja,1,2026-04-21,App Store
U Mobile,So bad city line,1,2026-04-19,App Store
U Mobile,"Line mcm lahabau sikit ii hilang dah seminggu xleh pakai, aku bayar 40 ringgit tiap” bulan kot siaw",1,2026-04-17,App Store
U Mobile,Woylaa asal isi jk kena potong pdhl aku tkde ambil credit sos knp boleh kena potong cobaii uumoblie kiwakkk,2,2026-04-16,App Store
U Mobile,Almost every week got maintenance. Infact this week got almost everyday and it’s not in a short time. Lol. Should really change to another line,1,2026-04-15,App Store
U Mobile,Kuatkan lah line ko ni halah” orang nak main game pun lagging ko tau jangan sampai aku tukar line,1,2026-04-14,App Store
U Mobile,Telco paling sampah di dunia,1,2026-04-14,App Store
U Mobile,Bangang,1,2026-04-13,App Store
U Mobile,"line macam sapmahh sikit "" takde line bodo",1,2026-04-11,App Store
U Mobile,Stupid network don’t recommend it pls will change to the new telco,1,2026-04-08,App Store
U Mobile,I try to link second accounts but button to link account makes the app crash,2,2026-04-07,App Store
U Mobile,"在我住的公寓里面，完全没有网线
要换台，客服没人接，电话，没人回复发邮件也不理你",1,2026-04-06,App Store
U Mobile,sloww,1,2026-04-05,App Store
U Mobile,The rm2 much better,1,2026-04-04,App Store
U Mobile,makin hari makin teruk.,1,2026-04-04,App Store
U Mobile,"Apps ni aku pelik, tiap bulan nk kena update. Tapi coverage nauzubillah. Dah berbulan bayar bil dekat rm100 sebulan. Tapi line 1 bar. Dua bar tu malu2 kucing nk kluar. Aduhaiiii pelik betul laa. masa bil rm6+ ok. upgrade bil, jadi makin teruk . Memang teruk laa. Nk pakai line lain sayang kat nombor. 😫🤕😷",1,2026-04-04,App Store
U Mobile,bagus sebab murah.. tapi slack sikit sebab apps tak habis habis upgrading. apa nak di upgrade pun tak tahu la,2,2026-03-31,App Store
U Mobile,"I tried to switch to my broadband plan, but suddenly i logged out instead. Tried to login but I can’t. Why tho",2,2026-03-31,App Store
U Mobile,"umobile paling sial do kt area aku , kalau bole letak 1/2 star dah lama aku buat",1,2026-03-31,App Store
U Mobile,"I was charged RM5 weekly for Docubay without my clear consent.
I am unable to cancel the subscription via SMS, USSD, app, or customer service.
This is causing continuous charges without control.
Please assist to terminate the service and investigate this issue.However，this issue not overcome，i already send the email but still talking the samething such wait or cantact to the auto reply.",1,2026-03-26,App Store
U Mobile,BETTER LAYAN PREPAID JE DARIPADA POSTPAID HARGA  DIA PERGH TAH APE DIA CHARGE SAMPAI RM38 JADI RM48,1,2026-03-25,App Store
U Mobile,"I don’t usually write reviews, but U Mobile really pushed me to this point.

It’s been ONE whole month and I still don’t have proper signal. Not weak signal, literally no line most of the time. I’m paying every month for what exactly? Stress?

The app can look as “nice” as it wants, but it’s completely useless when the network is this bad. Data doesn’t load, calls fail, and sometimes I just sit there staring at my phone like an idiot waiting for something to work.

Honestly feels like this service is a joke. Imagine being a telco in 2026 and still can’t provide basic connection. That’s the bare minimum.

I tried to be patient, but this is just embarrassing at this point. Definitely one of the worst decisions I’ve made switching to this.

If you’re thinking about using U Mobile, don’t learn the hard way like I did",1,2026-03-25,App Store
U Mobile,"The signal is bad, the area that should be good but the signal is bad, 4G but the signal only comes out of one box, the inner Klang Port of the area (Solok Kapas) is still bad for Umobile",2,2026-03-25,App Store
U Mobile,"Sistem bodoh, nak beraya pun settle kan dulu lah masalah apps",1,2026-03-23,App Store
U Mobile,UMobile apa cerita kamu buat event hampir sama besar sama kota Kinabalu tapi laine macam di hutan kalau aku tau macam ni kan tidak aku beli sim cara bangsat ni menyesal aku beli hapus ja lah sim card ni bikin emosi ja,1,2026-03-16,App Store
U Mobile,"This app exists mainly for convenience, but the experience often feels like users are testing features in production. At one point I started receiving notification messages every second, which looked like some kind of testing notification. It got so annoying that I had to uninstall the app. Proper testing before pushing updates to production would greatly improve the user experience.",1,2026-03-16,App Store
U Mobile,"I can’t use, it just showed “service is temporarily unavailable, we are upgrading to serve you better, please try again later“ 
I had been trying for weeks 😂",1,2026-03-13,App Store
U Mobile,why did you turn off the card so quickly??,1,2026-03-12,App Store
U Mobile,"Even though I purchased the unlimited monthly plan until the point that I took the fast daily internet plan, the connection was still bad, taking my money for free. Not recommended",1,2026-03-11,App Store
U Mobile,umobile nie makin lama makin macam lancau aku beli yang rm40 gb besar pun masih macam lancau semak lah boleh kot turunkan harga kalau line pun still maca cipap,1,2026-03-11,App Store
U Mobile,Line paling bab! Aq pernah pkai dalam kg slow dok bandar slow,1,2026-03-11,App Store
U Mobile,Loading page to long and cannot check bill,1,2026-03-10,App Store
U Mobile,"hi, today i already update this apps, then it ask me to login, but after login it’s automatically logout my account, 2 times already. please do something thank you",1,2026-03-08,App Store
U Mobile,"Baru sehari beli kuota rm50 30 day, dah lelet jaringan🤦🏻‍♂️",2,2026-03-08,App Store
U Mobile,bodo,1,2026-03-08,App Store
U Mobile,Haiya asal jadi mahal pulakk dulu aku SOS topup cas 75 sen sekarang dah jadi 1.25 WTF,1,2026-03-07,App Store
U Mobile,Internat slow,1,2026-03-06,App Store
U Mobile,simcard paling jahanam macam bodoh,1,2026-03-06,App Store
U Mobile,"internet tekadang mati tiba2 dalam sebulan hampir 3 kali jaringan hilang secara tiba2,lagi enak enak main game tiba2 jaringan hilang",1,2026-03-06,App Store
U Mobile,"Teruk la line ni kat pulau indah westport, sakit hati guna",1,2026-03-05,App Store
U Mobile,Membuat permintaan SOS tanpa kebenaran. N cas ats permintaan pelanggan tanpa kebenaran. Cam sial,1,2026-03-04,App Store
U Mobile,Why problems in bad loading data Wi-Fi ?,1,2026-02-28,App Store
U Mobile,May i know why line umobile right know very slow why eh ?,2,2026-02-28,App Store
U Mobile,Tolong improve your goddamn internet. Semua makan gaji buta ke?,1,2026-02-26,App Store
U Mobile,Asal tiba tiba nak naik taraf bayar RM500 dan tak boleh nak beli add ons macam biasa dah gilaa ni,1,2026-02-24,App Store
U Mobile,Unfriendly system even though my phone has no problem snapping a photo / ID. Kept rejecting my submission,2,2026-02-23,App Store
U Mobile,"Idk whats going on w umobiles app but the other i topup rm10 and as soon as i was given a notification from my bank that i was charged for 10 from umobile, i went back to the app just to purchase my weekly add ons, the app froze and kept kicking me out. I was logged out and it wouldnt load. I waited for almost 2 days, and after deleting the app, i downloaded it back just to find out my rm10 was gone from my top up 😭.",1,2026-02-22,App Store
U Mobile,I completely don't understand why the service is so terrible. No wonder no one wants to choose this project.,1,2026-02-21,App Store
U Mobile,"Server upgrade??? For how long? Im waiting 2 days, but the apps still not working.",1,2026-02-21,App Store
U Mobile,Why I cant login my own acc..this make me difficult to pay my bill,1,2026-02-21,App Store
U Mobile,"Super slow, if you need any info, it will ask you to go on web?what the purpose of App then? Even you want to download bill sometime it can load sometime cannot. This Apps performance depends on your luck on that day",1,2026-02-21,App Store
U Mobile,Always temporarily unavailable.,1,2026-02-21,App Store
U Mobile,Teruk gila ubebal ni,1,2026-02-21,App Store
U Mobile,For how long the maintenance for this apps?,1,2026-02-21,App Store
U Mobile,Macam bodoh log out sendiri lepastu nak log in kena masuk otp bagai lancauuuu!,1,2026-02-21,App Store
U Mobile,The umobile apps are so trash and always not in responding. I cant even pay the postpaid bcause no button to click??? Fix it ASAP,1,2026-02-21,App Store
U Mobile,Terrible app. Terrible service from umobile. Always charging extra. Already cleared my apparently “outstanding” balance twice. I always pay on time but somehow still says i have one additional month of unpaid bill. Umobile scams. The app is always slow and always “updating”. Customer service is of no help as they only give me the same info on what i can see on the app.,1,2026-02-21,App Store
U Mobile,Beli paket mahal jaringan takde sial ni kad banyak rugi yang guna umobile,1,2026-02-21,App Store
U Mobile,Tolong lah update apps ni. Apa nak buat pun semua tak boleh. Kekal loading je manjang. Dah 2026 pun bangang lagi. Hire la someone yang RETI buat sistem,1,2026-02-21,App Store
U Mobile,"Easy to use and easy to check payment due. With online banking with debit card, I can easily pay the bill monthly.",5,2026-02-20,App Store
U Mobile,Please fix the network stability and coverage the problems as soon as possible,1,2026-02-20,App Store
U Mobile,selalu update dah update benda sama je ada takde perubahan. menyusahkan,1,2026-02-20,App Store
U Mobile,Macm babi,1,2026-02-20,App Store
U Mobile,What is wrong with this app? I cannot login. Please fix it fast!,1,2026-02-20,App Store
U Mobile,not stable app.,1,2026-02-20,App Store
U Mobile,"nak add on purchase pun susah, keluar no add on to be purchased, akhirnya kene renew plan using SMS sebab app loading time yg sgt shocking. Dah ada plan baru still cannot load the app",1,2026-02-20,App Store
U Mobile,"There 3 step to register your new SIM card, however the first step which is scanning the bar code is error. 
Waste of time",1,2026-02-20,App Store
U Mobile,App is slow. You cannot redeem any rewards because the app is so slow. Bill payment also temperamental. It does not work every time. Please fix this issue,1,2026-02-20,App Store
U Mobile,"My network shows 5G but can’t even send out 1 single message , restart my phone on and off many times , try to look for help in the app, but useless",1,2026-02-20,App Store
U Mobile,When need something to buy using the app. Loading buffering is too long to wait. very bad,1,2026-02-20,App Store
U Mobile,5G phone or number it’s independent from the security service,5,2026-02-20,App Store
U Mobile,Please don’t spam notifications,1,2026-02-20,App Store
U Mobile,"Macam bodoh je appsnya, aku nak topup, tapi tak habis2 refresh2 tak keluar pun rupa apps tu, ape ke bangang punya apps la lahabau",1,2026-02-20,App Store
U Mobile,Fix asap,1,2026-02-20,App Store
U Mobile,"The app keep on logging me out and when I tried logging back in, it say that the server is under maintenance/down, truly disappointing.",1,2026-02-20,App Store
U Mobile,Rangkaian ini dah lama dan sekarang dah zaman moden rangkaian tersebut sangat la teruk sampai saya tak boleh buka app lain internet dan rangkaian dia sampai tak ade data langsung,1,2026-02-20,App Store
U Mobile,The app slow and not responding,2,2026-02-20,App Store
U Mobile,Keep spaming untill now,1,2026-02-20,App Store
U Mobile,"What happen to your apps? Non stop sending notification saying rm1 get phone, whole night non stop sending until now 7am! What happen to your apps? Try to contact your fb,ig but couldnt!",1,2026-02-20,App Store
U Mobile,What’s wrong with you guys sending non stop notifications for win iPhone for RM 1 ??! Please fix is annoying I want just important notifications not promotion! Want to promote please send in email! WTH,1,2026-02-20,App Store
U Mobile,"Hi, kindly troubleshoot your apps. When i want to open the apps, the apps keep loading. I just want to pay the bill but it showing loading apps",1,2026-02-20,App Store
U Mobile,always loading at home and waste my time,2,2026-02-20,App Store
U Mobile,stupid app ever,1,2026-02-20,App Store
U Mobile,"the worst in terms of line coverage, apps malfunction and services. actually i just switched my telco a week ago and now i regretted it SO MUCH. wish i could return back to my previous telco!",1,2026-02-20,App Store
U Mobile,There is one time.. the app push like 50++ useless notifications and not related.. please fix it..,3,2026-02-20,App Store
U Mobile,rubbish,1,2026-02-20,App Store
U Mobile,"today i received tons of ads about winning iphone from umobile apps, they kept sending one after another after 2/3 mins and it started to feel annoyingly . also even i bought internet 38 ringgit it has no different than 30 ringgit punya , still slow , and sometimes got no internet at all like no 5G but when i check my sister phone (shes also using umobile , eh no problem lak. FIX IT WE PAID EXPENSIVE WEY",2,2026-02-20,App Store
U Mobile,How desperate are you guys want me to click the notification “iphone giveaways” my arse. More than 10 times notifications per day WTHelly,1,2026-02-20,App Store
U Mobile,"Keep sending same notification repeatedly, non stop",1,2026-02-20,App Store
U Mobile,why my umobile apps always spamming notification about free iphone just for one ringgit? its so annoying,1,2026-02-20,App Store
U Mobile,"U mobile is so damn annoying today! Please STOP SPAMMING me the same thing within 1 or few minutes, very annoying!!",1,2026-02-20,App Store
U Mobile,keep pushing notifications win latest iphone every 1 min. worst and annoying,1,2026-02-20,App Store
U Mobile,Spam notifications,1,2026-02-20,App Store
U Mobile,bayar bulan bulan tapi macam haram jadah,1,2026-02-20,App Store
U Mobile,Slow respons,2,2026-02-20,App Store
U Mobile,The notifications are way too frequenttttttt almost every minute. It’s very annoying and makes me want to uninstall the app. Please reduce the notification spam or allow better control.,2,2026-02-20,App Store
U Mobile,"Tak kisah lah beli data umobile or WiFi u mobile lembat mcm siput ,klu siput dgn u mobile laju siput lgi pakkk arhggg",1,2026-02-20,App Store
U Mobile,Thats all,1,2026-02-20,App Store
U Mobile,Always upgrade but nothing new or nothing improvement about the service the line for user 👎,1,2026-02-20,App Store
U Mobile,lembab line slow,1,2026-02-20,App Store
U Mobile,Setiap 3 minit hantar notification menang iphone tu semak oittt,2,2026-02-20,App Store
U Mobile,Suddenly error always pop up notification . And once open the app cannot login .,1,2026-02-20,App Store
U Mobile,Stop spamming notification for a free iphone every 5 minutes.,1,2026-02-20,App Store
U Mobile,Spams promotional messages like a spam account.,2,2026-02-20,App Store
U Mobile,"The notification spam every min, and the system will bait u to upgrade to higher price package, without written clearly and confirmation prompt. Once upgraded accidentally, seems like no way to cancel the expensive plan.",1,2026-02-20,App Store
U Mobile,"too many problems, tiba2 terlogout tanpa sbb",1,2026-02-20,App Store
U Mobile,What’s the problem with your app ? Since 7pm the notification keep popping out ?! Is so annoying pls repair it !,1,2026-02-20,App Store
U Mobile,"Today I received so many spam notifications about winning new iPhone. And whenever i try to open it says cannot. Then suddenly the apps log me out, and I’ve tried so many time to log in but the OTP number is error every time i req to get OTP.",2,2026-02-20,App Store
U Mobile,i’ve received over 30 notifications in the past hour. pls fix it ASAP,1,2026-02-20,App Store
U Mobile,"What a frustrated app to use, almost all the time in maintenance, and keep sending spam message in the background",1,2026-02-20,App Store
U Mobile,"Endless NOTIFICATIONS about fake promo WIN APPLE PHONE forced me to off MyUMobile notifications. Of course I verified from various channels & GenAI tools to concluded it’s fake promo. I don’t think it’s the app bugs, it’s the developer “config” these spam intentionally.",1,2026-02-20,App Store
U Mobile,Dok spam noti dah pesepaa tah. Semakk la,2,2026-02-20,App Store
U Mobile,line macam bodo,1,2026-02-20,App Store
U Mobile,"Everytime open app this ‘service temporary unavailable…’ always pop up when open the apps…can’t make payment, can’t view other…totally sucks app…please UMobile…do something about your stupid app",1,2026-02-20,App Store
U Mobile,Line cam buto,1,2026-02-19,App Store
U Mobile,"Setiap kali sy topup rm40 mesti kena potong rm3.60 tk fhm btl 
Klau isi rm10 dia p ptong 1tnggit lebi yg penting stiap kali isi la bodo  baik tukar pland ja la",1,2026-02-16,App Store
U Mobile,ex,1,2026-02-14,App Store
U Mobile,"I have just subscribed to a new add on and it wasn’t updated until now meaning that the previous subscription is still active even tho i renewed it, and to put the cherry on top, the customer service is so bad I started questioning my whole existence. What a shame",1,2026-02-13,App Store
U Mobile,line sampah,1,2026-02-11,App Store
U Mobile,"Perbaiki service Umobile, sblum ramai yg u turn, line slow apa semua...haihhhh apa",1,2026-02-11,App Store
U Mobile,"Hilang timbul line tu, br isi pun mcm dah hbs paket..sakit kpla guna umobile ni",1,2026-02-10,App Store
U Mobile,line selo macan barua gi mau kena terajang baru nk laju kot ei babi sngguh hmpa kalau nk buat line buat leklok anjg sbb aku bayaq bukannya pakai free,1,2026-02-10,App Store
U Mobile,U MOBILE pleas u close u compony line slow and problem,1,2026-02-09,App Store
U Mobile,Mfer don’t allow me to roll back to my previous plan and blamed me for not calling them right away and the fact is the whole night the line was busy. 🤡,1,2026-02-08,App Store
U Mobile,Its been for a while now even though i was at my home. And wanna know what my family also using umobile and they had those line with perfect.. but somehow my line being gone. I hope you guys do your solution ASAP!!!,1,2026-02-05,App Store
U Mobile,Perfect Internet,5,2026-02-04,App Store
U Mobile,Okey je,5,2026-02-03,App Store
U Mobile,aku haram kan duit aku lah sial umobile takguna harap hidup korang merana,1,2026-01-31,App Store
U Mobile,"SOOO GAMPANG UMOBILE ASK ME CHANGE TO POSTPAID GIVE GOOD LINE AND PAY RM40. NOW GIME VERY SLOWWW LINE.I DO KNOW HOW TO GET LINE BUT 5G. UPGRED BAD SERVICE SOOO BAD. I PAY BILL FOR 2 mounth for get fast internet always bad line 
call centree taknk angkat gampang",1,2026-01-31,App Store
U Mobile,why the line is so damn bad even if im at home please fix this thing im tired of getting god damn disconnected in my freakin class whats the point im paying every month omg i payed for 50 for every damn month just for it to get disconnected from my class i cang even load a whatsapp message,1,2026-01-28,App Store
U Mobile,"The payment process is badly implemented; the fields do not adapt to input criteria (letters where numbers are needed) and all info must be entered every month again. If you opt for auto-debit, you get cheated as well as U charges you immediately instead of at the payment due date.",1,2026-01-27,App Store
U Mobile,apa benda la nak self register pon menyiksa apa benda app ni? dah untung banyak tu upgrade la app dengan quality service tu hadoi,1,2026-01-25,App Store
U Mobile,dumb app. Y'all dumb. Tried many times to register my number but error so MAnY multiple times and i crash out BYe. SOOO DUMB UGHHH.,1,2026-01-25,App Store
U Mobile,Line penuh tapi tak laju service teruk!!,1,2026-01-25,App Store
U Mobile,"Bayar mahal2 home5g, bayar on time. Tapi line kelaut. Aku tak halalkan duit aku.",1,2026-01-21,App Store
U Mobile,"Service yg sangat teruk.Dgn line nya takde,nak call customer service asyik bercakap dgn robot tp bill tetap charge.Very bad service umobile.",1,2026-01-21,App Store
U Mobile,Cannot change password even all requirement meet. Seems like does’nt want people to use it,1,2026-01-19,App Store
U Mobile,bodoh punye deals for u,1,2026-01-18,App Store
U Mobile,"umobile very ² bad choice for data roaming, always slow like snail",1,2026-01-17,App Store
U Mobile,tolong la elert sikit,1,2026-01-17,App Store
U Mobile,aku makin sakit hati dgn line bongokkkkkk ni . adoiiiii patut tak payah bagi star,1,2026-01-16,App Store
U Mobile,Tolong bantu saya .line di pulau larapan semporna .padahal data sebulan .suda 4 hari line tidak kuat .tolong perjelaskan yaa.saya tunggu,1,2026-01-15,App Store
U Mobile,stupid company make a data thats not even strong and the app cannot be opened too vincent you should just go work at mcdonalds,1,2026-01-11,App Store
U Mobile,kenapa auto buy siot org taknak pun roaming or beli bulanan suka sangat auto tolak duit ni nk masuk malaysia semula dh bukannya nk guna pun data ni hawau la suka betul auto boleh tak tak payah auto tolak sumpah stresss duit tu ergh!!!!!! i hate you!,1,2026-01-11,App Store
U Mobile,dah bayar pun slow ke?,1,2026-01-08,App Store
U Mobile,It 2026 but still no improvement,1,2026-01-08,App Store
U Mobile,bodoh,1,2026-01-04,App Store
U Mobile,"The connection is can’t even play a game , cant even call vc from WhatsApp. The worst network in this country",1,2026-01-04,App Store
U Mobile,System down again,1,2026-01-03,App Store
U Mobile,?,1,2026-01-03,App Store
U Mobile,"The line is too slow. It is located in the city but only has one 4G line. Pay monthly, but your service is like this. Even though it has collaborated with other telecommunication companies. It's too frustrating for customers, if the new year doesn't finish the line at my place, I'll switch to another telecommunication.",1,2026-01-02,App Store
U Mobile,Very slow,1,2025-12-29,App Store
U Mobile,Just only can paid bill nothing use and always asking for updates,1,2025-12-27,App Store
U Mobile,289 ping in 2025? lol,1,2025-12-27,App Store
U Mobile,Very bad service.,1,2025-12-23,App Store
U Mobile,HELLO I BARU JE TOPUP UPREPAID 50 TAPI TKDEK LINEE GILAA LA ATLEAST BAGI LA BALIK DUIT I DAHLA SEKARANG TENGAH POKAI NK TENGOK TT PON X LEH WASAP JE BOLEH MAIN. UPREPAID 50 TAUUU. PLEASE SOLVE THIS PROBLEM IMMEDIATELYY !!!!,1,2025-12-23,App Store
U Mobile,"Login in is extremely difficult every time; they can't even issue basic OPT service. Is the company going out of business? Every time I want to make a payment, I have to wait for a notification to know the exact amount, but I don't know the details.垃圾！",1,2025-12-22,App Store
U Mobile,"Makin lama makin lidut line umobile ni d kawasan 89700 Bongawan,Sabah tolong perbaiki line ye umobile",2,2025-12-21,App Store
U Mobile,Why can’t U Mobile hotspot be unlimited anymore? U Mobile only gives me 200GB at most. Why is there no unlimited hotspot now? It’s very difficult for me because I use two phones wherever I go… 🙃,3,2025-12-21,App Store
U Mobile,Anak kote pendek pantek kajahzisksbxh kontolllllll,1,2025-12-21,App Store
U Mobile,pakai 5 tahun tetap tak dpt ape,1,2025-12-20,App Store
U Mobile,"One of the worst designed apps ever and that is impressive considering you had to compete with the mcdonalds app for this title. Always slow, always down at the most inconvenient times and generally always down.",1,2025-12-18,App Store
U Mobile,apa yang lembab sangat aku dah bayar bill pon lembab ke nak renew duit nak laju renew lembab memang taik,1,2025-12-15,App Store
U Mobile,"I will summarise for you, the turtle is more faster than your network 🐌🐢",1,2025-12-14,App Store
U Mobile,"Cas yang tak masuk akal. Ambil plan GX55, monthly should be RM55 plus icloud maybe around RM67 macam tu. Lepastu dia naik jadi RM71 monthly, sekarang tiba"" naik jadi RM80 pulak. Celah mana? Melampau umobile ni. Miskin sangat dah ke nak paw customer??",1,2025-12-12,App Store
U Mobile,poor internet connection,1,2025-12-11,App Store
U Mobile,Anjg dodoh,1,2025-12-11,App Store
U Mobile,"I purchased a roaming add-on for my trip to India through the U Mobile app. I went to Add-On > Roam & Travel, searched for “India,” and a RM15 Unlimited Roaming plan appeared. Even though it stated “valid in Malaysia,” I didn’t understand why it was showing under the India search results, naturally I assumed it was meant for India since the app displayed it there.

After purchasing, I contacted customer service and was told the plan is only for Malaysia and they refused to refund me. If the plan is not meant for India, why does it appear when searching specifically for India? This is clearly an app bug or a serious UI issue that misleads users into buying the wrong plan.

Very disappointed with the lack of accountability. The error happened because of the app, yet the customer is the one who has to bear the loss.",1,2025-12-11,App Store
U Mobile,"bukan apps je selalu tak boleh bukak charges pun makin hari makin melampau, saya dengan selalu guna wifi tetiba kau charge macam aku guna internet everyday",1,2025-12-06,App Store
U Mobile,aku ingtkn beli plan mahal line okay. ni sama je mcm bodoh babi sial lancaw bazir duit aku,1,2025-12-06,App Store
U Mobile,Cannot link account on the apps. Always said otp expired. Solved now,1,2025-12-05,App Store
U Mobile,Buat yg plan mau guna sim umo baik cancel….ni bulan last ak guna sim dajjal nih,1,2025-12-05,App Store
U Mobile,umobile di area Banting mmg sangat perlahan ke? terutama kwsn kg?,1,2025-12-04,App Store
U Mobile,its easier for me,5,2025-12-02,App Store
U Mobile,"A telco company , but when make payment on other platform , super slow to update . Now it’s Second day after payment still not reflected until u barred my number and add additional charges for not making payment. How stupid is this telco company",1,2025-12-01,App Store
U Mobile,babi umobile sloww nak mampus cibaii,1,2025-12-01,App Store
U Mobile,u mobile sial,1,2025-12-01,App Store
U Mobile,Line umobile di sabah ni di KG SKIM PENEMPATAN TELIPOK tiada sebulan sudah rugi seja beli simkad umobile 2,1,2025-11-29,App Store
U Mobile,"kenapa kebelakangan ini semakin slow ya,saya dh 6 tahun guna umobile xpernah lgi macam ni",5,2025-11-28,App Store
U Mobile,"Why do you need to keep spam sending this sms every 2 days??? It’s so annoying

RM0 UMobile: All in ONE app! Check your latest Rewards, pay your bills or manage your account, all via MyUMobile App. Fast & easy! 🎉",1,2025-11-25,App Store
U Mobile,Mahal mahal beli line last last dia kasi 1 bar je,1,2025-11-25,App Store
U Mobile,"speed up your upgrade….very poor services…you should provide us with good connection if you were upgrading your apps or whatever…..you are giving your customer a heavy problems

please speed up your upgrade soo we could enjoy your connection",1,2025-11-25,App Store
U Mobile,"Tolong la ye , saya user prepaid lepastu paksa paksa jadi user postpaid… orang dah taknak tu tak payah la paksa paksa .. if plan data prepaid tu dah discounted then inform tu je la , tak payah la paksa jadi line postpaid.. lepastu pergi center pun center sama pun hard selling jugak .. skrg ni faham tak saya sebagai pengguna berhak pilih apa yang saya nak … kalau mcm ni la marketing umobile.. mmg saya akan tukar line jugak ..",1,2025-11-24,App Store
U Mobile,Nombor dah Terminate bill masih berjalan makan duit haram,1,2025-11-23,App Store
U Mobile,Intern ke yg buat apps ni lembap nak mampos kerja asik down je. Fix lah wei apps kau ni tak boleh pakai betul,1,2025-11-23,App Store
U Mobile,OTP stands for Over The PHONE. Here I was waiting for a code on my phone when the email verification code went to my EMAIL. Please correct your info. Thank you.,4,2025-11-21,App Store
U Mobile,MCM SIALL,1,2025-11-21,App Store
U Mobile,"I cant seem to find it anymore somehow, is it disabled feature",2,2025-11-20,App Store
U Mobile,"It is state in the description that this app need ios 15.6 and above to use it, my ios is 15.8 why I can’t open the app?? Am I wrong? The app keep asking to update and I’m updating it until I can’t use it anymore. When I click the app, it pops up and close quickly. I keep uninstall and install it back. Nothing works! How to purchase my plan on app then? I need to ask my sister to download the app on her phone to purchase my data every time. She’s not a umobile user. Why you make an app that cannot be use?? I didn’t make any purchase on website because the price is much higher than the app. Plus the website will eventually redirect me to download the app to purchase. Not helping at all! It’s been months I can’t use the app. Being a senior developer but don’t know how to make a good functional app. So annoying.",1,2025-11-17,App Store
U Mobile,The apps itself the telco and never ending stupid maintenance. Stupid telco ever. I only use this cups of my mum.,1,2025-11-15,App Store
U Mobile,"Berapa hari ni line umobile tidak bagus oh, saya mau buat kerja pun susah. Tolong betulkan rangkaian internet kamu untuk pengguna ba",1,2025-11-14,App Store
U Mobile,Poor conection now at kuala selangor 18/10/2022 3.40 pm pls do something and now this apps not support iphone 7,2,2025-11-14,App Store
U Mobile,i am using iphone 7+ but the app keep crashing and cannot be open.,1,2025-11-13,App Store
U Mobile,每天那个网络跟没有一样，很浪费钱买这么贵的，希望官方认真对待这件事，用户体验很不好，,1,2025-11-12,App Store
U Mobile,MAIN BAPAK SELOW LINE NTAH PAPE BELI PLAN YANG DAH MAHAL SAMPAI 38 RINGGIT TAPI LINE SLOW MACAM SIPUT SANGAT KECEWA DENGAN U MOBILE NIE PAKAI DAH DEKAT 5 TAHUN TAPI LINE TAK PERNAH IMPROVE SUDAHLA DECIDE NAK TUKAR PLAN JE DAH CUKUP BESABAR DAH GAN U MOBILE NIE,1,2025-11-10,App Store
U Mobile,Telco paling lembab kat dunia,1,2025-11-08,App Store
U Mobile,GUYS DON’T use simcard umobile👎🏻👎🏻👎🏻👎🏻👎🏻,1,2025-11-08,App Store
U Mobile,"I can’t even pay or see my balance as I’m using iPhone 7 Plus, please fix it asap.",1,2025-11-08,App Store
U Mobile,"The Internet all ways get lost most of the time why umobile why,n the app is not helping at all why ,upgrade la umobile this issue is not first time for u guys good bye umobile",1,2025-11-06,App Store
U Mobile,Fix the problem,1,2025-11-06,App Store
U Mobile,lagi 10 hari plan nak habis tu tak kisah internet jadi slow nak buka whatsapp tak boleh asik connecting buka tiktok lagi la loading tak keluar ii video nya apa ni u mobile duit habis internet tak ada lagi 10 hari je ni kalau kata tempat sama je kat rumah slow kat tempat kerja pun slow minta tolong check ye mohon,1,2025-11-06,App Store
U Mobile,I cant even use this app on my old iphone 7. I just want to check my balance and i dont care about all promo or ads. Sorry for give 1 star because this app very annoying,1,2025-11-05,App Store
U Mobile,"Memang 24/7 pun kau nak maintenance, update. “for better experience” eh, cucu cicit 7 keturunan aku lahir pun belum tentu boleh guna lah internet dia ni.",1,2025-11-04,App Store
U Mobile,What exactly do you want now?! I can't click on your app to pay my phone bill?!,1,2025-11-03,App Store
U Mobile,its been a week the app is down. need to dial manually  like old school to check balance or buy add-onz.,2,2025-11-03,App Store
U Mobile,Very slow,1,2025-11-03,App Store
U Mobile,I was still using your app earlier this year but now cannot use! There is no other way to reload for me online! So now the only choice for me is to have cash (which we don’t  carry since before covid) and buy at convenience stores which is not convenient for me at all!! Not everyone has new phones man. This update is not helping. I might as well use another service provider.,1,2025-11-02,App Store
U Mobile,Can’t open the app,1,2025-11-02,App Store
U Mobile,Bapak ahh sampai ke sudah tak boleh bukak,1,2025-10-31,App Store
U Mobile,asyik takda line. lambat bayar skit potong line tapi service macam gampang,1,2025-10-31,App Store
U Mobile,"Why line so slow ?? 
Rasa menyesal pulak upgrade line",1,2025-10-31,App Store
U Mobile,"Bila nak bukak 5g kat area uitm puncak alam, sebab line kat kolej sumpah slow gilaa babs kalau ni bukan rasa nak menguntungkan umobile, rasa nak tukar line adalah. harap boleh perbaiki .tq.",1,2025-10-31,App Store
U Mobile,"slow, full of bugs. please fix it",1,2025-10-30,App Store
U Mobile,"Umobile be sending promo messages, win this win that, upgrade to this and that but fail to inform the customers about maintenance in certain areas. The internet be going slow at least once a month. U should upgrade your service instead of plan.",1,2025-10-30,App Store
U Mobile,"I only use the app to pay balance and it always hang on payment gateway. Just blank screen. Yap, this app suck big time. Rarely I get it to work!",1,2025-10-28,App Store
U Mobile,"hi developer, i want to ask.why did my umobile app can't open?",2,2025-10-28,App Store
U Mobile,line macam anjing beli yg mahal pun still line mcm anjingg bar full tpi hanat dpt nya pukima,1,2025-10-28,App Store
U Mobile,"I just bought the SIM card and installed the apps, but I can’t even open the apps to active and subscribe plan for my phone. How do I get to use this SIM card now? Ridiculous",1,2025-10-27,App Store
U Mobile,beli 30 ringgit untuk sebulan tpi dh hujung bulan dh start slow..sebelum 2 hari nk cukup kan 30 hari line cm gampang..ape mnde lah,1,2025-10-26,App Store
U Mobile,cannot be launch on ios 15.8.5.. please fix,1,2025-10-25,App Store
U Mobile,"Everytime i tried to open this app , it automatically exit by itself..",1,2025-10-23,App Store
U Mobile,"napa setiap hari line saya slow yg teramat , bila cek umobile dalam penyelenggaraan, selama sebulan kah penyelenggaraan tu berlaku , lama juga ?line tu dari jam 3 petng smpai jam 11 mlm slow padahal full bar , sudah juga langgan internet tapi still begitu, boleh tolong buat penyelenggaraan tu dengan cepat , ka kamu bagi limit tu line kongsi sama org line kaa mcm mana ni sdh langgan masih teda line . Bila mau siap tu penyelenggaraan ya boleh bagi inform lepastu saya kena suruh cek sendiri kawasan saya dalam penyelenggaraan dalam goggle napa tidak bagi information sudah la tiada line disuruh lagi cek sndiri napa line saya tidak bagus, umobile tolong baiki secepatnya yaa memudahkan kerja saya juga 😊kalai seminggu boleh saya bersabar tapi ni lebih sebulan sdh dan hari ii benda yang sama berlaku, jadi tolong bagi kerjasama yang baik yaa , saya call pun tidak angkat jadi minta tolong laa perbaiki laa service kamu.",1,2025-10-23,App Store
U Mobile,Badddddd line coverage! Ii will rate no star for umobile!,1,2025-10-22,App Store
U Mobile,teruk,2,2025-10-21,App Store
U Mobile,Loya ini apps..tolong upgrade bos,1,2025-10-21,App Store
U Mobile,"KEPADA PIHAK UMOBILE  DARI 2021 PAKAI SIM NI SAMPAI SEKARANG MASIH SAMA SAJE TAK OKAY OKAY LINE NYA, DUDUK KAT BANDAR MACAM DUDUK DEKAT HUTAN",1,2025-10-20,App Store
U Mobile,It's been 5 days since the app couldn't be opened. Internet data also been very slow lately. Will likely switch to another network if this problem continues,1,2025-10-20,App Store
U Mobile,dah 3 tahun,1,2025-10-18,App Store
U Mobile,"Keep crashing, already uninstall and install back but still got same problem",1,2025-10-18,App Store
U Mobile,pukimak tiap hari service pun tak guna . macam gampang,1,2025-10-18,App Store
U Mobile,How come “the service currently unavailable” 5 day already.,1,2025-10-17,App Store
U Mobile,duk log out sampai bang jamil mampuiii,1,2025-10-16,App Store
U Mobile,Im unable to opem the app. Unable tp check my update,1,2025-10-16,App Store
U Mobile,Apps keep asking to log in. On what purpose you did this? Or it is a bug?,1,2025-10-16,App Store
U Mobile,Can’t open the app on ios 15. Keeps crashing. Please fix ASAP. Thank you,1,2025-10-16,App Store
U Mobile,Update please.. semak laaa jdi mcm nie.. nak bukaaa jaaa kena loginnnnnn,1,2025-10-16,App Store
U Mobile,"Nak login pun tak boleh apa ke jadahnya? Nak bayar bill macam mana ni? Alahaii letih. Install, download, install, download. Off on phone banyak kali dah sama ja tak boleh login. Tu belum bebel pasal line slow macam siput babi lagi. Macam macam lah umobile ni skrg.",1,2025-10-15,App Store
U Mobile,i can't open this umobile app... when i try to open and then the app crash back to main manu of my phone... i cannot running this app,1,2025-10-15,App Store
U Mobile,Why my apps can’t open. It’s like crash . Uninstall and keep install for few times still the same . It’s like I click but it’s not opening at all. It’s disappeare straight away,1,2025-10-15,App Store
U Mobile,why can’t open the app?,1,2025-10-15,App Store
U Mobile,"Everytime i want to view my acc, i need to log in myumobile apps. Fix it ASAP.",1,2025-10-15,App Store
U Mobile,"i chat to the umobile email but i never got any email , are joking umobile ? my apps umobile log out for 5 times or more but i didnt know why .how can u guys do the job , umobile is a bad service ever",1,2025-10-14,App Store
U Mobile,Pls fix,1,2025-10-14,App Store
U Mobile,Makin slow je tenet😅,1,2025-10-14,App Store
U Mobile,Update bricked the app. I was logged out and then I now cannot make payments for my bill. Payment by credit card is rejected and payment by ewallet brings you to a blank screen. Please fix the App,2,2025-10-13,App Store
U Mobile,Buy an expensive package with slow internet,1,2025-10-13,App Store
U Mobile,I try to buy roaming on apps but everytime I click the plan the apps will crash.. I try to use *118# its asking me to use apps.. please resolve this issue,1,2025-10-12,App Store
U Mobile,keep update apps but there’s nothing better at all.,1,2025-10-11,App Store
U Mobile,macam anjing,1,2025-10-11,App Store
U Mobile,"11/10/25 - unable to log in into the app and the error message said  “the service is currently unavailable…..”. 

Tried update, reinstall, restart, install on the other phone, install with the latest IOS but still cannot. 

Can’t view invoice, account details. So how to make payment effectively?",2,2025-10-11,App Store
U Mobile,Makin hari makin slow line .. kadang langsung tak ada line internet ..,1,2025-10-11,App Store
U Mobile,Cannot open the app on my phone despite updating the iOS. The app keeps crashing and closing on its own. Troublesome because I need to go on the UMobile website to pay bills instead of just paying on the app. Please improve your service. Thanks.,1,2025-10-10,App Store
U Mobile,"Very lousy service and the procedures are confusing. 
Poor network as sometimes suddenly lost network while using",1,2025-10-09,App Store
U Mobile,I cant open the app,1,2025-10-08,App Store
U Mobile,Awal2 je kuat hujung2 cam bgst je line,1,2025-10-06,App Store
U Mobile,susah betul nak call customer services,1,2025-10-06,App Store
U Mobile,Line makin hari makin teruk.mula2 je line ok sekarang dah masuk 2025 kalau korang nak hadap jem waktu buat pembayaran kat kounter nk guna apps pembayaran pakailah umobile s*ial ni.korang buat report tak guna diaorang takkan layan!,1,2025-10-05,App Store
U Mobile,Sy pakai ipone ios15,1,2025-10-05,App Store
U Mobile,line mcm sial bayar mahal mahal mcm sial dpt,1,2025-10-05,App Store
U Mobile,line mcm sial aku dh pakai postpaid pon sme baik aku pakai prepaid balik,1,2025-10-05,App Store
U Mobile,"Difficult to do payment and can't check my bill, totally useless app!",1,2025-10-04,App Store
U Mobile,根本打不开软件 真的很差劲 做什么升级 升级之后反而有问题,1,2025-10-03,App Store
U Mobile,"App ni boleh pakai ke tak boleh pakai? Mcm mana org nak bayar bill kalau tak boleh buka. Developer minta tlg repair la, menyusahkan customer yg lain.",1,2025-10-03,App Store
U Mobile,Macam bbi xbole guna sial tol,1,2025-10-03,App Store
U Mobile,Umobile please do better on your line. People pay every month but still so slow and sometime cant use it. Whyyy😔😔,2,2025-10-02,App Store
U Mobile,"This software after purchase an item they will pop up a window and ask you would you like to purchase add on. If didn’t look clearly will click on that and purchase it, I want to report this software to ask them take down this pop up thing. So annoying!",1,2025-09-30,App Store
U Mobile,"Not working on iOS 15.8.5, iPhone 7 plus",1,2025-09-30,App Store
U Mobile,Is there any reason why i cannot open the app? When i try to open it close back on its own?! I try many times i even restart my phone but it’s not working.,1,2025-09-30,App Store
U Mobile,"So bad how is it 2025 and they can’t even have an app that works to let you top up. 
They should be ashamed at how bad this service really is. Can’t wait to leave this useless company. DONT WASTE YOUR TIME, EASIER TO COMMUNICATE USING SMOKE SIGNALS. I top up take hours to show error pages non stop.",1,2025-09-28,App Store
U Mobile,App problems tibe2 logout sendiri.. pastu x boleh login..kadang2 line sangkut2..harap di perbaiki secepat mungkin,2,2025-09-27,App Store
U Mobile,Bayar bulan2 RM50 tapi line serupa kote,1,2025-09-26,App Store
U Mobile,Apps cannot open. Sends otp then kicks you out. Logout loop,1,2025-09-26,App Store
U Mobile,Cannot open the apps to repaid the bill. Always crashing,1,2025-09-24,App Store
U Mobile,"umobile buat masa sekarang macam sial, buang duit beli data tapi macam siall line down",1,2025-09-24,App Store
U Mobile,"dear umobile team, please accommodate your app for iphone 6. i can't even open the app on this phone. please solve this with your team of app developers. thank you",1,2025-09-24,App Store
U Mobile,Bought their umobile broadband sim card but unable to link because the sim doest allow sms for otp and no other otp option like email or whatsapp.,1,2025-09-23,App Store
U Mobile,Why my umobile apps cannot open.,1,2025-09-23,App Store
U Mobile,jangan pakai umobile.. service teruk.. nk contect customer service pun susah.. line teruk.. perlu bantuan teknikal pun susah gila .. kalu baru nak pakai line umobile baik tak payah.. tak membantu pun n lebih kepada mnyusahkan,1,2025-09-22,App Store
U Mobile,Have been use and loyal to Umobile since 8 may 2013.right now the internet is getting worst.in this era everything is going to be done online.dont know I still can be patience anymore with Umobile or just change the telco.,1,2025-09-22,App Store
U Mobile,5g also slow,4,2025-09-20,App Store
U Mobile,"Plies Please improve the network quality on your phone, I bought an internet quota of RM 50/month but the network is very very slow",1,2025-09-19,App Store
U Mobile,internet macam barua tutup jela syarikat kau bodo,1,2025-09-17,App Store
U Mobile,"At first, I thought maybe I have not update the app. However, when I checked in the App Store, it said the app has been updated. 

Then when I tried to delete and reinstall the app, I am still having the same issue. 

Please have this fix immediately.",1,2025-09-16,App Store
U Mobile,"Hi Developer, the lastest app with quit immediately when loading with apple IOS15.8, kindly fix the problem",1,2025-09-13,App Store
U Mobile,"Hi. I could not open the app. It closes back  automatically whenever i tried to open. Can anyone fix this problem, please?",2,2025-09-13,App Store
U Mobile,Dh top up bnyk kali duit kena tolak tapi topup x masuk punn kalo nk ckp sos rasa nye 5ringgit je tpi ni dh50 ringgit duit x dpt msk topup nii,1,2025-09-11,App Store
U Mobile,Lepas update dh tak boleh bukak tlg buat sesuatu jgn menyusahkan customer update pun tak boleh bukak error je baik jgn ada update umobile pls take note iphone 7plus tak boleh guna apps ni,1,2025-09-10,App Store
U Mobile,"Cannot open app umobile after update app umoble, please resolve this problem",5,2025-09-09,App Store
U Mobile,slow internet,1,2025-09-09,App Store
U Mobile,Too damn slow guys too slow,1,2025-09-08,App Store
U Mobile,"U Mobile is amazing… at promotions. Unlimited GBs, endless offers—just a shame the signal is missing in action. Customer service? More like customer silence—waiting for help feels like waiting for the next century. Regret ever choosing this joke of a network, switching soon!",1,2025-09-08,App Store
U Mobile,Sudah lama tak boleh buka app,1,2025-09-07,App Store
U Mobile,"can download this app but cannot open , when click auto close . hated this.",1,2025-09-06,App Store
U Mobile,那个网到现在还不要修理好,1,2025-09-06,App Store
U Mobile,"line slow gila kat rumah or even kat luar, beli data yang mahal pon still line slow sangat. app dah la tak boleh buka. banyak kali reinstall still tak boleh buka app. takkan beli data mahal tapi line macam singgit? buat habis duit je",1,2025-09-05,App Store
U Mobile,lambat update bila online topup lembab,2,2025-09-05,App Store
U Mobile,I was Umobile user for many years and lately u can't install the apps into my iPhone 7 plus.so please fix it,2,2025-09-05,App Store
U Mobile,"Hey Developer,
Im just want to pay my bill and buy some additional quota hotspot, why cannot open the apps.
This is so frustrating.",1,2025-09-04,App Store
U Mobile,"Saya rasa umobile sangat jumud dan tidak peka pAda masalah pengguna terutama pengguna phone yang lama dan tak boleh update lagi
Saya tak dapat buka aplikasi umobile lagi",5,2025-09-03,App Store
U Mobile,cant using this apps,3,2025-09-03,App Store
U Mobile,adoii,1,2025-09-03,App Store
U Mobile,Asyik2 tak boleh bukak. Upgrade lah sistem. Awak niaga. Susah mcmni nk buat urusan apa2. Klu berterusan mmg gantilah rangkaian.,1,2025-09-03,App Store
U Mobile,My iPhone 6s cannot open the App. Please fix this asap,1,2025-09-03,App Store
U Mobile,Please upgrade line coverage area Pasir Mas. The line so slow . I think i need to change my plan to the other line.,1,2025-09-02,App Store
U Mobile,Su kemas kni da buat lepas tu x leh buka.bangang btul.,1,2025-09-02,App Store
U Mobile,"App kau tak boleh bukak la bodoh, menyusahkan aku nak bayar bil",1,2025-08-31,App Store
U Mobile,Tak baca review customer ke yang apps ni tak boleh buka?betulkan la cepat2..dah berapa lama tak boleh buka ni.,1,2025-08-31,App Store
U Mobile,Sikit2 kena update.. tapi line slow juga.. 😓😓,3,2025-08-30,App Store
U Mobile,why my umobile cannot use,1,2025-08-29,App Store
U Mobile,"Mcm mana nak buat payment, nk check jumlah internet jika apps pon xleh nak buka? Bisnes company multi million takkan apps sampah?",1,2025-08-29,App Store
U Mobile,Bayar mahal2 tiap bulan macam internet basic laju nya . Baik kau takyah wujudkan je 5G . Bagi data sampai 500gb tapi macam tkde guna line slow . Baik aku pakai telco lain je kiwak,1,2025-08-27,App Store
U Mobile,Annoying.,1,2025-08-27,App Store
U Mobile,Apps teruk laa.. dah dekat 2 bulan takleh buka apps dia terus kick... aku nak tengok bill pun takleh.... l*ncauuuuu,1,2025-08-26,App Store
U Mobile,Not support for iphone 7 plus,1,2025-08-26,App Store
U Mobile,Cant opennnn and active simcard..i use 7 plus.. plsss upgrade application,2,2025-08-26,App Store
U Mobile,In A month 2 or 3 times and more than that always problems in internet. Buy unlimited data 4G/5G  12mbps/24mbps for a month but to slow sometime.When I check use with mbps Chacker it just  300kbps-600kbps.Is this scam your customers user?,1,2025-08-25,App Store
U Mobile,App tidak dapat buka   Banyak kali dah cuba tetap sama,5,2025-08-25,App Store
U Mobile,Too many promotions notifications,1,2025-08-25,App Store
U Mobile,This app can't be launched. iPhone 7. Help needed.,3,2025-08-24,App Store
U Mobile,Good,5,2025-08-24,App Store
U Mobile,"Can't even open the damn app to pay my bills. If you don't want me to pay, just tell me, I'll switch to another service.",1,2025-08-23,App Store
U Mobile,"cannot open the apps , no funtion on 7 plus iphone so sad bro",1,2025-08-23,App Store
U Mobile,"it’s been like almost 1 month i can’t open the app, when i click it, suddenly umobile app kick me out. i already uninstall and install the app but the problem still there. please fix this 🙏🏻🙏🏻",1,2025-08-22,App Store
U Mobile,"i can’t open this apps thank you developer, this is not a video game, don’t makes it worse. simple apps but acah acah padu",1,2025-08-22,App Store
U Mobile,Nak bukak app x boleh… die keluar secara automatic,1,2025-08-21,App Store
U Mobile,"hi developer, at first everything going well, i can actually buy an internet whenever i want to. but after updating the apps. when i tried to opened the apps. it automaticly quit from the apps by itself. please i really need to buy an internet.",2,2025-08-20,App Store
U Mobile,Line coverage to small this is the worst telco,1,2025-08-18,App Store
U Mobile,kene kencing ngan puak israhell ni..RM50 untk 1000mbs ape lancau main ml lag dah guna 5g pun same hahahaha terdesak sangt nak pakai duit,1,2025-08-17,App Store
U Mobile,Please help me why I can’t ooen this app? Already uninstall and install again also can not 😭😭😭,1,2025-08-16,App Store
U Mobile,"Rubbish. I’ve already paid back, but it keeps showing that I didn‘t buy it.",1,2025-08-16,App Store
U Mobile,Iphone 7+ ios 15.7,5,2025-08-16,App Store
U Mobile,Why suddenly cannot use?,1,2025-08-15,App Store
U Mobile,Rubbish apps,1,2025-08-15,App Store
U Mobile,kenapa app tak nak buka?apa masalah yea..nak dekat 2 bulan tak nak buka,1,2025-08-14,App Store
U Mobile,App cannot launch after update. From bad to worst… what a joke,1,2025-08-14,App Store
U Mobile,Your app cannot be open after update please fix this asap,1,2025-08-14,App Store
U Mobile,I JUST UPDATE THE APPS LIKE MAYBE 2 WEEKS AGO. AND NOW NEED TO UPDATE AGAIN? ALWAYS LIKE THIS?? WHY EH?? CANNOT ONCE A YEAR MEH?? LINE MACAM SIPUT JUGAK KADANG-KADANG. TAPI APPS SELALU NAK KENA UPDATE.,2,2025-08-13,App Store
U Mobile,Why so difficult to open the new app??,1,2025-08-13,App Store
U Mobile,Good,5,2025-08-12,App Store
U Mobile,"Must of the time not have network 
Sg buloh area not enough network 
Signal 1 sometimes 2
Very bad service",1,2025-08-08,App Store
U Mobile,Would like to request help to check why app is unable to open after update . Non of your website relayed contact info helps on this car except asking ppl to Change plan or other things,2,2025-08-07,App Store
U Mobile,Fyp Sape ni,2,2025-08-07,App Store
U Mobile,topup melalui online banking macam sial lembab nak mampos ambik masa 15-20 minit baru masuk,1,2025-08-07,App Store
U Mobile,Takpayah buat apps kalau nak scan ic pun susah,1,2025-08-07,App Store
U Mobile,"I purchase Plan from RM38 online, then upgrade into RM68 at the apps. When came to downgrade, the apps cannot make it, need to go counter.",1,2025-08-07,App Store
U Mobile,Lepas Update Version Apk Terus Tak Boleh Buka Ni Menambah Baik Ke Menambah Buruk..,1,2025-08-07,App Store
U Mobile,"The reason y i put here is so that u really will look at my feedback and do something to the data. 

Recently data is very unstable, will go from 4g to edge out of sudden without any reason.
And i just missed my mexican bun because i cant connect to internet and pay for it. When i was finally able to connect, sold out.

And yes im very frustrated since this data issue happens alot of time recently. But the mexican bun issue just make it worse",1,2025-08-06,App Store
U Mobile,No line every where,1,2025-08-05,App Store
U Mobile,pay every month but line suck,1,2025-08-05,App Store
U Mobile,Stop sending those useless information.,1,2025-08-05,App Store
U Mobile,please invest more in a better software .. keep on having bug .. things can be done 5 minutes turns into hours waste of time .. what a shame,1,2025-08-05,App Store
U Mobile,that it the WORST 5G IN MALAYSIA,1,2025-08-04,App Store
U Mobile,Stop selling sim cards for self registration.,1,2025-08-03,App Store
U Mobile,"Hey Umobile.. you need to fix this apps.. i can’t open it.. thought it was my phone, then I downloaded on my other phone but I can’t open it there as well",1,2025-08-03,App Store
U Mobile,Past a month plus I’m experiencing this very really bad kinda 5G internet can’t open and use very simple daily basis apps such as WhatsApp and instagram very disappointing and already raise this issue to the hotline many times and this unlimited speed cap is very slow then a speed cap of 5Mbps please help me with this I’m more then 7years loyal customer to umobile and first time I’m pushed to this extend to mention it here please upgrade or do something better to your customers. Thx hope will reach out to me,3,2025-08-02,App Store
U Mobile,"Apps paling teruk compare to digi maxis..update memanjang..nak bayar, bank online pun xble nak detect..klo dpt Tekan bank pun, loading memanjang lepastu error",1,2025-08-02,App Store
U Mobile,Umobile became so very disappointing because when you register for one month plan it will be expired earlier a day before the day ypu register,1,2025-08-02,App Store
U Mobile,Mmng tk bagus umobile ni menyesal sy beli mcm anjinggggg beli internet untuk sebulan tk smpai seminggu dh habis beli internet untuk 1 hari tk smpai sejam dh habis bodoh,1,2025-08-01,App Store
U Mobile,"Couldn’t buy in app, gone into infinite loop",1,2025-08-01,App Store
U Mobile,"8 out of 10 times I need to use this app to pay bills, it will automatically log me out and I have to relog at least 3-5 times to be able to get it just to get error message saying your under maintenance or is upgrading your service. 

I have already setup auto debit but still need to manually pay every month to prevent bar, what’s the point of the option anyways? You claim to have the best coverage and best deals but half the time I’m only getting 4G or at best 2 bars of 5G, in Klang valley! 

Step up your game!",1,2025-08-01,App Store
U Mobile,umobile apps are to slow. please upgrade.,1,2025-08-01,App Store
U Mobile,What’s the point of having app,1,2025-08-01,App Store
U Mobile,App pon macam sampah,1,2025-08-01,App Store
U Mobile,Loading all the time ..not good apps .check balance took 2 hours ..all day long loadng .thks,1,2025-08-01,App Store
